race,total_cases,total cases/group population,deaths,total deaths/group population,date,doses/group population
American Indian or Alaska Native,3828,0.000193267,70,3.53E-06,12/16/20,0.000308765
American Indian or Alaska Native,3908,0.000197306,72,3.64E-06,12/17/20,0.000647901
American Indian or Alaska Native,4042,0.000204072,74,3.74E-06,12/18/20,0.001275555
American Indian or Alaska Native,4157,0.000209878,74,3.74E-06,12/19/20,0.001574197
American Indian or Alaska Native,4253,0.000214725,74,3.74E-06,12/20/20,0.00178679
American Indian or Alaska Native,4352,0.000219723,74,3.74E-06,12/21/20,0.002662469
American Indian or Alaska Native,4423,0.000223308,75,3.79E-06,12/22/20,0.003391358
American Indian or Alaska Native,4423,0.000223308,75,3.79E-06,12/23/20,0.00442395
American Indian or Alaska Native,4655,0.000235021,78,3.94E-06,12/24/20,0.00480358
American Indian or Alaska Native,4739,0.000239262,79,3.99E-06,12/25/20,0.004818765
American Indian or Alaska Native,4848,0.000244765,80,4.04E-06,12/26/20,0.004985802
American Indian or Alaska Native,4950,0.000249915,82,4.14E-06,12/27/20,0.005183209
American Indian or Alaska Native,5023,0.0002536,82,4.14E-06,12/28/20,0.006069012
American Indian or Alaska Native,5090,0.000256983,81,4.09E-06,12/29/20,0.00700037
American Indian or Alaska Native,5090,0.000256983,81,4.09E-06,12/30/20,0.008534073
American Indian or Alaska Native,5242,0.000264657,82,4.14E-06,12/31/20,0.009273085
American Indian or Alaska Native,5358,0.000270514,85,4.29E-06,1/1/21,0.009323703
American Indian or Alaska Native,5444,0.000274856,85,4.29E-06,1/2/21,0.00963753
American Indian or Alaska Native,5498,0.000277582,85,4.29E-06,1/3/21,0.009713456
American Indian or Alaska Native,5583,0.000281874,86,4.34E-06,1/4/21,0.010720739
American Indian or Alaska Native,5646,0.000285054,87,4.39E-06,1/5/21,0.012001357
American Indian or Alaska Native,5750,0.000290305,90,4.54E-06,1/6/21,0.013580616
American Indian or Alaska Native,5926,0.000299191,91,4.59E-06,1/7/21,0.015873578
American Indian or Alaska Native,6103,0.000308127,95,4.80E-06,1/8/21,0.018029874
American Indian or Alaska Native,6261,0.000316104,96,4.85E-06,1/9/21,0.018530985
American Indian or Alaska Native,6354,0.0003208,97,4.90E-06,1/10/21,0.018789133
American Indian or Alaska Native,6420,0.000324132,97,4.90E-06,1/11/21,0.021021355
American Indian or Alaska Native,6509,0.000328625,99,5.00E-06,1/12/21,0.023749627
American Indian or Alaska Native,6595,0.000332967,99,5.00E-06,1/13/21,0.026462713
American Indian or Alaska Native,6699,0.000338218,102,5.15E-06,1/14/21,0.029788268
American Indian or Alaska Native,6840,0.000345337,101,5.10E-06,1/15/21,0.03254691
American Indian or Alaska Native,6957,0.000351244,101,5.10E-06,1/16/21,0.033635181
American Indian or Alaska Native,7041,0.000355485,102,5.15E-06,1/17/21,0.034050243
American Indian or Alaska Native,7106,0.000358767,102,5.15E-06,1/18/21,0.035224564
American Indian or Alaska Native,7155,0.00036124,102,5.15E-06,1/19/21,0.038808267
American Indian or Alaska Native,7242,0.000365633,107,5.40E-06,1/20/21,0.04242234
American Indian or Alaska Native,7336,0.000370379,110,5.55E-06,1/21/21,0.045919994
American Indian or Alaska Native,7387,0.000372954,110,5.55E-06,1/22/21,0.049002587
American Indian or Alaska Native,7480,0.000377649,112,5.65E-06,1/23/21,0.051017154
American Indian or Alaska Native,7573,0.000382344,112,5.65E-06,1/24/21,0.051700487
American Indian or Alaska Native,7614,0.000384414,117,5.91E-06,1/25/21,0.054018759
American Indian or Alaska Native,7664,0.000386939,117,5.91E-06,1/26/21,0.057911227
American Indian or Alaska Native,7719,0.000389716,120,6.06E-06,1/27/21,0.061130486
American Indian or Alaska Native,7770,0.000392291,121,6.11E-06,1/28/21,0.065281103
American Indian or Alaska Native,7837,0.000395673,123,6.21E-06,1/29/21,0.068439621
American Indian or Alaska Native,7909,0.000399308,126,6.36E-06,1/30/21,0.069877152
American Indian or Alaska Native,7955,0.000401631,128,6.46E-06,1/31/21,0.070600979
American Indian or Alaska Native,7990,0.000403398,130,6.56E-06,2/1/21,0.073339374
American Indian or Alaska Native,8029,0.000405367,135,6.82E-06,2/2/21,0.077930361
American Indian or Alaska Native,8079,0.000407891,138,6.97E-06,2/3/21,0.082035422
American Indian or Alaska Native,8140,0.000410971,141,7.12E-06,2/4/21,0.086839002
American Indian or Alaska Native,8183,0.000413142,145,7.32E-06,2/5/21,0.091860236
American Indian or Alaska Native,8219,0.00041496,145,7.32E-06,2/6/21,0.09459863
American Indian or Alaska Native,8252,0.000416626,145,7.32E-06,2/7/21,0.09530221
American Indian or Alaska Native,8284,0.000418241,146,7.37E-06,2/8/21,0.098890975
American Indian or Alaska Native,8320,0.000420059,150,7.57E-06,2/9/21,0.10400332
American Indian or Alaska Native,8351,0.000421624,153,7.72E-06,2/10/21,0.108827147
American Indian or Alaska Native,8392,0.000423694,154,7.78E-06,2/11/21,0.115528875
American Indian or Alaska Native,8456,0.000426925,158,7.98E-06,2/12/21,0.121380232
American Indian or Alaska Native,8506,0.00042945,158,7.98E-06,2/13/21,0.123799738
American Indian or Alaska Native,8537,0.000431015,160,8.08E-06,2/14/21,0.125090478
American Indian or Alaska Native,8549,0.000431621,160,8.08E-06,2/15/21,0.126786157
American Indian or Alaska Native,8561,0.000432226,162,8.18E-06,2/16/21,0.132323687
American Indian or Alaska Native,8574,0.000432883,163,8.23E-06,2/17/21,0.137015909
American Indian or Alaska Native,8612,0.000434801,163,8.23E-06,2/18/21,0.142669859
American Indian or Alaska Native,8653,0.000436871,165,8.33E-06,2/19/21,0.146759735
American Indian or Alaska Native,8681,0.000438285,166,8.38E-06,2/20/21,0.150090352
American Indian or Alaska Native,8701,0.000439295,165,8.33E-06,2/21/21,0.150971092
American Indian or Alaska Native,8714,0.000439951,165,8.33E-06,2/22/21,0.153820845
American Indian or Alaska Native,8740,0.000441264,165,8.33E-06,2/23/21,0.159181215
American Indian or Alaska Native,8770,0.000442778,167,8.43E-06,2/24/21,0.164121461
American Indian or Alaska Native,8813,0.000444949,171,8.63E-06,2/25/21,0.170747263
American Indian or Alaska Native,8835,0.00044606,172,8.68E-06,2/26/21,0.177150348
American Indian or Alaska Native,8861,0.000447373,173,8.73E-06,2/27/21,0.18061257
American Indian or Alaska Native,8882,0.000448433,174,8.78E-06,2/28/21,0.182536027
American Indian or Alaska Native,8894,0.000449039,174,8.78E-06,3/1/21,0.186134915
American Indian or Alaska Native,8915,0.000450099,173,8.73E-06,3/2/21,0.190867631
American Indian or Alaska Native,8929,0.000450806,176,8.89E-06,3/3/21,0.196643062
American Indian or Alaska Native,8972,0.000452977,180,9.09E-06,3/4/21,0.203385284
American Indian or Alaska Native,9004,0.000454593,183,9.24E-06,3/5/21,0.2087659
American Indian or Alaska Native,9025,0.000455653,184,9.29E-06,3/6/21,0.21330627
American Indian or Alaska Native,9045,0.000456663,184,9.29E-06,3/7/21,0.215098122
American Indian or Alaska Native,9053,0.000457066,185,9.34E-06,3/8/21,0.219071578
American Indian or Alaska Native,9163,0.00046262,187,9.44E-06,3/9/21,0.224659725
American Indian or Alaska Native,9183,0.00046363,188,9.49E-06,3/10/21,0.229756885
American Indian or Alaska Native,9208,0.000464892,191,9.64E-06,3/11/21,0.237562069
American Indian or Alaska Native,9237,0.000466356,193,9.74E-06,3/12/21,0.245250834
American Indian or Alaska Native,9255,0.000467265,192,9.69E-06,3/13/21,0.249649475
American Indian or Alaska Native,9262,0.000467618,192,9.69E-06,3/14/21,0.251937376
American Indian or Alaska Native,9267,0.000467871,192,9.69E-06,3/15/21,0.256174042
American Indian or Alaska Native,9289,0.000468982,193,9.74E-06,3/16/21,0.262997251
American Indian or Alaska Native,9312,0.000470143,198,1.00E-05,3/17/21,0.269774905
American Indian or Alaska Native,9328,0.000470951,199,1.00E-05,3/18/21,0.27699799
American Indian or Alaska Native,9348,0.00047196,198,1.00E-05,3/19/21,0.283552928
American Indian or Alaska Native,9387,0.000473929,200,1.01E-05,3/20/21,0.287809841
American Indian or Alaska Native,9405,0.000474838,201,1.01E-05,3/21/21,0.290188853
American Indian or Alaska Native,9414,0.000475293,200,1.01E-05,3/22/21,0.294314161
American Indian or Alaska Native,9416,0.000475393,200,1.01E-05,3/23/21,0.300570457
American Indian or Alaska Native,9429,0.00047605,202,1.02E-05,3/24/21,0.307429098
American Indian or Alaska Native,9452,0.000477211,201,1.01E-05,3/25/21,0.31522922
American Indian or Alaska Native,9473,0.000478271,202,1.02E-05,3/26/21,0.322680084
American Indian or Alaska Native,9501,0.000479685,205,1.04E-05,3/27/21,0.327154651
American Indian or Alaska Native,9513,0.000480291,205,1.04E-05,3/28/21,0.32932107
American Indian or Alaska Native,9518,0.000480543,204,1.03E-05,3/29/21,0.333972798
American Indian or Alaska Native,9529,0.000481099,207,1.05E-05,3/30/21,0.340527736
American Indian or Alaska Native,9539,0.000481603,205,1.04E-05,3/31/21,0.346738476
American Indian or Alaska Native,9556,0.000482462,205,1.04E-05,4/1/21,0.354913166
American Indian or Alaska Native,9583,0.000483825,205,1.04E-05,4/2/21,0.361761684
American Indian or Alaska Native,9592,0.000484279,204,1.03E-05,4/3/21,0.36629193
American Indian or Alaska Native,9597,0.000484532,202,1.02E-05,4/4/21,0.368033164
American Indian or Alaska Native,9606,0.000484986,206,1.04E-05,4/5/21,0.37361625
American Indian or Alaska Native,9620,0.000485693,206,1.04E-05,4/6/21,0.381932669
American Indian or Alaska Native,9627,0.000486046,206,1.04E-05,4/7/21,0.389575878
American Indian or Alaska Native,9635,0.00048645,205,1.04E-05,4/8/21,0.399086864
American Indian or Alaska Native,9678,0.000488621,211,1.07E-05,4/9/21,0.407550073
American Indian or Alaska Native,9694,0.000489429,211,1.07E-05,4/10/21,0.413016739
American Indian or Alaska Native,9705,0.000489984,213,1.08E-05,4/11/21,0.415340072
American Indian or Alaska Native,9709,0.000490186,214,1.08E-05,4/12/21,0.420133528
American Indian or Alaska Native,9720,0.000490742,214,1.08E-05,4/13/21,0.426870688
American Indian or Alaska Native,9730,0.000491247,215,1.09E-05,4/14/21,0.432858712
American Indian or Alaska Native,9745,0.000492004,215,1.09E-05,4/15/21,0.439742662
American Indian or Alaska Native,9759,0.000492711,216,1.09E-05,4/16/21,0.445872414
American Indian or Alaska Native,9773,0.000493418,217,1.10E-05,4/17/21,0.449871179
American Indian or Alaska Native,9779,0.000493721,217,1.10E-05,4/18/21,0.451521302
American Indian or Alaska Native,9786,0.000494074,217,1.10E-05,4/19/21,0.456122413
American Indian or Alaska Native,9796,0.000494579,217,1.10E-05,4/20/21,0.462510313
American Indian or Alaska Native,9816,0.000495589,215,1.09E-05,4/21/21,0.468341424
American Indian or Alaska Native,9818,0.00049569,215,1.09E-05,4/22/21,0.474263645
American Indian or Alaska Native,9827,0.000496144,215,1.09E-05,4/23/21,0.480332657
American Indian or Alaska Native,9841,0.000496851,218,1.10E-05,4/24/21,0.48444278
American Indian or Alaska Native,9851,0.000497356,218,1.10E-05,4/25/21,0.486189076
American Indian or Alaska Native,9857,0.000497659,218,1.10E-05,4/26/21,0.489944878
American Indian or Alaska Native,9863,0.000497962,218,1.10E-05,4/27/21,0.495310309
Asian,74956,0.000122869,2495,4.09E-06,12/16/20,0.000376836
Asian,76965,0.000126162,2523,4.14E-06,12/17/20,0.001447029
Asian,79185,0.000129801,2545,4.17E-06,12/18/20,0.003105401
Asian,81287,0.000133247,2580,4.23E-06,12/19/20,0.004056282
Asian,83319,0.000136578,2597,4.26E-06,12/20/20,0.004814226
Asian,85081,0.000139466,2601,4.26E-06,12/21/20,0.006558714
Asian,87036,0.000142671,2624,4.30E-06,12/22/20,0.008399669
Asian,87036,0.000142671,2624,4.30E-06,12/23/20,0.010197239
Asian,90995,0.00014916,2690,4.41E-06,12/24/20,0.011114923
Asian,92612,0.000151811,2711,4.44E-06,12/25/20,0.011203832
Asian,95039,0.000155789,2745,4.50E-06,12/26/20,0.011775084
Asian,96779,0.000158642,2758,4.52E-06,12/27/20,0.012114778
Asian,98692,0.000161777,2770,4.54E-06,12/28/20,0.013570681
Asian,100569,0.000164854,2818,4.62E-06,12/29/20,0.01518994
Asian,100569,0.000164854,2818,4.62E-06,12/30/20,0.017099591
Asian,104690,0.000171609,2949,4.83E-06,12/31/20,0.018148091
Asian,107465,0.000176158,3003,4.92E-06,1/1/21,0.018271183
Asian,109724,0.000179861,3031,4.97E-06,1/2/21,0.01888352
Asian,111456,0.0001827,3043,4.99E-06,1/3/21,0.019097658
Asian,113487,0.00018603,3056,5.01E-06,1/4/21,0.02047517
Asian,114864,0.000188287,3109,5.10E-06,1/5/21,0.022175121
Asian,117227,0.00019216,3171,5.20E-06,1/6/21,0.02461198
Asian,120172,0.000196988,3227,5.29E-06,1/7/21,0.027869232
Asian,123544,0.000202515,3286,5.39E-06,1/8/21,0.031591079
Asian,126414,0.00020722,3349,5.49E-06,1/9/21,0.033360218
Asian,128784,0.000211105,3404,5.58E-06,1/10/21,0.034440929
Asian,130966,0.000214682,3440,5.64E-06,1/11/21,0.037891283
Asian,133241,0.000218411,3535,5.79E-06,1/12/21,0.041645834
Asian,135579,0.000222243,3605,5.91E-06,1/13/21,0.045545992
Asian,138242,0.000226608,3643,5.97E-06,1/14/21,0.049279835
Asian,141013,0.000231151,3718,6.09E-06,1/15/21,0.053591012
Asian,143690,0.000235539,3790,6.21E-06,1/16/21,0.056054823
Asian,145554,0.000238594,3816,6.26E-06,1/17/21,0.057575476
Asian,147086,0.000241106,3827,6.27E-06,1/18/21,0.059996559
Asian,148487,0.000243402,3866,6.34E-06,1/19/21,0.063976915
Asian,149951,0.000245802,3932,6.45E-06,1/20/21,0.068280038
Asian,151576,0.000248466,4005,6.57E-06,1/21/21,0.072936332
Asian,152907,0.000250648,4054,6.65E-06,1/22/21,0.077577178
Asian,154423,0.000253133,4126,6.76E-06,1/23/21,0.080840676
Asian,156230,0.000256095,4155,6.81E-06,1/24/21,0.08270694
Asian,157362,0.00025795,4185,6.86E-06,1/25/21,0.086731833
Asian,158576,0.00025994,4256,6.98E-06,1/26/21,0.091353122
Asian,159865,0.000262053,4341,7.12E-06,1/27/21,0.095924123
Asian,161539,0.000264797,4399,7.21E-06,1/28/21,0.100822985
Asian,163086,0.000267333,4462,7.31E-06,1/29/21,0.105849705
Asian,164484,0.000269625,4532,7.43E-06,1/30/21,0.109117476
Asian,165646,0.000271529,4574,7.50E-06,1/31/21,0.110896968
Asian,166565,0.000273036,4595,7.53E-06,2/1/21,0.114975107
Asian,167317,0.000274269,4643,7.61E-06,2/2/21,0.119709299
Asian,168276,0.000275841,4703,7.71E-06,2/3/21,0.125140628
Asian,169451,0.000277767,4785,7.84E-06,2/4/21,0.131087991
Asian,170401,0.000279324,4850,7.95E-06,2/5/21,0.137735613
Asian,171443,0.000281032,4894,8.02E-06,2/6/21,0.142110061
Asian,172315,0.000282461,4923,8.07E-06,2/7/21,0.144243216
Asian,172934,0.000283476,4938,8.09E-06,2/8/21,0.149404204
Asian,173673,0.000284687,5009,8.21E-06,2/9/21,0.155367671
Asian,174482,0.000286014,5054,8.28E-06,2/10/21,0.162535107
Asian,175198,0.000287187,5110,8.38E-06,2/11/21,0.169044682
Asian,175922,0.000288374,5175,8.48E-06,2/12/21,0.175540124
Asian,176589,0.000289467,5241,8.59E-06,2/13/21,0.179968969
Asian,177100,0.000290305,5271,8.64E-06,2/14/21,0.182784307
Asian,177576,0.000291085,5279,8.65E-06,2/15/21,0.186379282
Asian,177919,0.000291648,5309,8.70E-06,2/16/21,0.192784664
Asian,178375,0.000292395,5371,8.80E-06,2/17/21,0.199198428
Asian,179040,0.000293485,5413,8.87E-06,2/18/21,0.20590357
Asian,179671,0.000294519,5464,8.96E-06,2/19/21,0.212396054
Asian,180258,0.000295482,5504,9.02E-06,2/20/21,0.21635784
Asian,180788,0.00029635,5536,9.07E-06,2/21/21,0.218318272
Asian,181145,0.000296936,5548,9.09E-06,2/22/21,0.222271348
Asian,181664,0.000297786,5590,9.16E-06,2/23/21,0.227951162
Asian,182235,0.000298722,5752,9.43E-06,2/24/21,0.23506305
Asian,182779,0.000299614,5792,9.49E-06,2/25/21,0.242902642
Asian,183305,0.000300476,5848,9.59E-06,2/26/21,0.252086386
Asian,183711,0.000301142,5875,9.63E-06,2/27/21,0.259297536
Asian,184102,0.000301783,5903,9.68E-06,2/28/21,0.26332736
Asian,184371,0.000302224,5910,9.69E-06,3/1/21,0.269545064
Asian,184765,0.00030287,5958,9.77E-06,3/2/21,0.276865994
Asian,185183,0.000303555,5997,9.83E-06,3/3/21,0.285380867
Asian,185631,0.000304289,6041,9.90E-06,3/4/21,0.294328123
Asian,186096,0.000305051,6073,9.95E-06,3/5/21,0.30294308
Asian,186562,0.000305815,6105,1.00E-05,3/6/21,0.309992354
Asian,186929,0.000306417,6132,1.01E-05,3/7/21,0.313991281
Asian,187197,0.000306856,6143,1.01E-05,3/8/21,0.320017527
Asian,187815,0.000307869,6209,1.02E-05,3/9/21,0.326916099
Asian,188068,0.000308284,6246,1.02E-05,3/10/21,0.334805159
Asian,188440,0.000308894,6279,1.03E-05,3/11/21,0.344325475
Asian,188777,0.000309446,6318,1.04E-05,3/12/21,0.354217367
Asian,189059,0.000309908,6344,1.04E-05,3/13/21,0.361951123
Asian,189333,0.000310358,6359,1.04E-05,3/14/21,0.367043087
Asian,189477,0.000310594,6367,1.04E-05,3/15/21,0.374625978
Asian,189728,0.000311005,6399,1.05E-05,3/16/21,0.384245885
Asian,190042,0.00031152,6436,1.06E-05,3/17/21,0.393935144
Asian,190397,0.000312102,6457,1.06E-05,3/18/21,0.403566719
Asian,190696,0.000312592,6470,1.06E-05,3/19/21,0.413805701
Asian,190992,0.000313077,6473,1.06E-05,3/20/21,0.421672574
Asian,191195,0.00031341,6517,1.07E-05,3/21/21,0.425955483
Asian,191376,0.000313707,6523,1.07E-05,3/22/21,0.433134258
Asian,191576,0.000314034,6552,1.07E-05,3/23/21,0.442595904
Asian,191854,0.00031449,6591,1.08E-05,3/24/21,0.452694702
Asian,192121,0.000314928,6619,1.09E-05,3/25/21,0.463890975
Asian,192468,0.000315497,6648,1.09E-05,3/26/21,0.475199821
Asian,192786,0.000316018,6675,1.09E-05,3/27/21,0.484398027
Asian,193036,0.000316428,6678,1.09E-05,3/28/21,0.490492311
Asian,193189,0.000316678,6678,1.09E-05,3/29/21,0.499356903
Asian,193383,0.000316996,6692,1.10E-05,3/30/21,0.51026229
Asian,193642,0.000317421,6714,1.10E-05,3/31/21,0.521363737
Asian,193920,0.000317877,6749,1.11E-05,4/1/21,0.534748055
Asian,194236,0.000318395,6772,1.11E-05,4/2/21,0.547985123
Asian,194510,0.000318844,6812,1.12E-05,4/3/21,0.558024101
Asian,194775,0.000319278,6844,1.12E-05,4/4/21,0.563374246
Asian,194980,0.000319614,6860,1.12E-05,4/5/21,0.573676664
Asian,195220,0.000320008,6880,1.13E-05,4/6/21,0.58673427
Asian,195480,0.000320434,6894,1.13E-05,4/7/21,0.599939127
Asian,195797,0.000320953,6923,1.13E-05,4/8/21,0.613705868
Asian,196335,0.000321835,6980,1.14E-05,4/9/21,0.627874589
Asian,196825,0.000322639,7008,1.15E-05,4/10/21,0.638709803
Asian,197098,0.000323086,7029,1.15E-05,4/11/21,0.645335896
Asian,197312,0.000323437,7048,1.16E-05,4/12/21,0.655666416
Asian,197514,0.000323768,7061,1.16E-05,4/13/21,0.668725995
Asian,197722,0.000324109,7092,1.16E-05,4/14/21,0.682161095
Asian,197966,0.000324509,7108,1.17E-05,4/15/21,0.697531647
Asian,198214,0.000324915,7135,1.17E-05,4/16/21,0.71233144
Asian,198481,0.000325353,7145,1.17E-05,4/17/21,0.723140359
Asian,198685,0.000325688,7148,1.17E-05,4/18/21,0.728761503
Asian,198848,0.000325955,7153,1.17E-05,4/19/21,0.738646328
Asian,199042,0.000326273,7164,1.17E-05,4/20/21,0.751035722
Asian,199276,0.000326656,7187,1.18E-05,4/21/21,0.763626269
Asian,199424,0.000326899,7199,1.18E-05,4/22/21,0.776822744
Asian,199608,0.000327201,7206,1.18E-05,4/23/21,0.789853892
Asian,199793,0.000327504,7214,1.18E-05,4/24/21,0.799965673
Asian,199995,0.000327835,7216,1.18E-05,4/25/21,0.805353123
Asian,200145,0.000328081,7217,1.18E-05,4/26/21,0.813055162
Asian,200311,0.000328353,7227,1.18E-05,4/27/21,0.822399468
Black,50060,0.000210618,1534,6.45E-06,12/16/20,0.000145946
Black,51142,0.000215171,1551,6.53E-06,12/17/20,0.000499424
Black,52329,0.000220165,1563,6.58E-06,12/18/20,0.001049042
Black,53554,0.000225319,1577,6.63E-06,12/19/20,0.001351902
Black,54750,0.000230351,1584,6.66E-06,12/20/20,0.001585585
Black,55921,0.000235278,1593,6.70E-06,12/21/20,0.002227581
Black,56998,0.000239809,1604,6.75E-06,12/22/20,0.002906274
Black,56998,0.000239809,1604,6.75E-06,12/23/20,0.003608166
Black,59207,0.000249103,1637,6.89E-06,12/24/20,0.004047271
Black,59947,0.000252216,1645,6.92E-06,12/25/20,0.004090295
Black,61566,0.000259028,1658,6.98E-06,12/26/20,0.004310902
Black,62591,0.00026334,1662,6.99E-06,12/27/20,0.004453052
Black,63619,0.000267665,1668,7.02E-06,12/28/20,0.005252805
Black,64518,0.000271448,1697,7.14E-06,12/29/20,0.006166024
Black,64518,0.000271448,1697,7.14E-06,12/30/20,0.007350046
Black,66557,0.000280027,1759,7.40E-06,12/31/20,0.008035066
Black,67996,0.000286081,1781,7.49E-06,1/1/21,0.008109727
Black,69353,0.00029179,1801,7.58E-06,1/2/21,0.008377576
Black,70441,0.000296368,1804,7.59E-06,1/3/21,0.008484716
Black,71566,0.000301101,1816,7.64E-06,1/4/21,0.009310199
Black,72361,0.000304446,1833,7.71E-06,1/5/21,0.010366412
Black,73573,0.000309545,1853,7.80E-06,1/6/21,0.011647451
Black,75064,0.000315818,1872,7.88E-06,1/7/21,0.013139816
Black,76770,0.000322996,1911,8.04E-06,1/8/21,0.014828323
Black,78392,0.00032982,1934,8.14E-06,1/9/21,0.015371615
Black,79786,0.000335685,1955,8.23E-06,1/10/21,0.01565001
Black,81036,0.000340944,1968,8.28E-06,1/11/21,0.017135204
Black,82125,0.000345526,2016,8.48E-06,1/12/21,0.018651191
Black,83262,0.00035031,2050,8.63E-06,1/13/21,0.020362054
Black,84645,0.000356129,2075,8.73E-06,1/14/21,0.022166137
Black,86085,0.000362187,2110,8.88E-06,1/15/21,0.024189983
Black,87689,0.000368936,2147,9.03E-06,1/16/21,0.025141165
Black,88845,0.000373799,2160,9.09E-06,1/17/21,0.025620764
Black,89707,0.000377426,2173,9.14E-06,1/18/21,0.026583757
Black,90545,0.000380952,2195,9.24E-06,1/19/21,0.028694496
Black,91295,0.000384107,2229,9.38E-06,1/20/21,0.030875678
Black,92173,0.000387801,2272,9.56E-06,1/21/21,0.033069936
Black,92937,0.000391016,2296,9.66E-06,1/22/21,0.035361631
Black,93817,0.000394718,2333,9.82E-06,1/23/21,0.036527094
Black,94769,0.000398723,2345,9.87E-06,1/24/21,0.037112988
Black,95491,0.000401761,2349,9.88E-06,1/25/21,0.039149911
Black,96053,0.000404126,2391,1.01E-05,1/26/21,0.041684569
Black,96722,0.00040694,2423,1.02E-05,1/27/21,0.044413683
Black,97463,0.000410058,2452,1.03E-05,1/28/21,0.04716009
Black,98263,0.000413424,2488,1.05E-05,1/29/21,0.05002587
Black,98959,0.000416352,2516,1.06E-05,1/30/21,0.051560838
Black,99580,0.000418965,2532,1.07E-05,1/31/21,0.052368183
Black,100076,0.000421052,2539,1.07E-05,2/1/21,0.054988048
Black,100486,0.000422777,2571,1.08E-05,2/2/21,0.058091307
Black,101004,0.000424956,2601,1.09E-05,2/3/21,0.061693568
Black,101616,0.000427531,2632,1.11E-05,2/4/21,0.065558616
Black,102113,0.000429622,2662,1.12E-05,2/5/21,0.069753099
Black,102703,0.000432104,2677,1.13E-05,2/6/21,0.07220677
Black,103111,0.000433821,2699,1.14E-05,2/7/21,0.073055031
Black,103481,0.000435378,2713,1.14E-05,2/8/21,0.075943167
Black,103870,0.000437014,2749,1.16E-05,2/9/21,0.079419306
Black,104332,0.000438958,2783,1.17E-05,2/10/21,0.083313038
Black,104756,0.000440742,2810,1.18E-05,2/11/21,0.0874143
Black,105179,0.000442522,2828,1.19E-05,2/12/21,0.091999801
Black,105625,0.000444398,2857,1.20E-05,2/13/21,0.094437865
Black,105960,0.000445808,2863,1.20E-05,2/14/21,0.095598266
Black,106201,0.000446822,2865,1.21E-05,2/15/21,0.097717441
Black,106400,0.000447659,2876,1.21E-05,2/16/21,0.101823344
Black,106708,0.000448955,2891,1.22E-05,2/17/21,0.105938104
Black,107081,0.000450524,2918,1.23E-05,2/18/21,0.110178142
Black,107436,0.000452018,2946,1.24E-05,2/19/21,0.114605464
Black,107741,0.000453301,2972,1.25E-05,2/20/21,0.116760072
Black,108013,0.000454445,2982,1.25E-05,2/21/21,0.11787787
Black,108204,0.000455249,2984,1.26E-05,2/22/21,0.120513763
Black,108479,0.000456406,3004,1.26E-05,2/23/21,0.12401268
Black,108739,0.0004575,3089,1.30E-05,2/24/21,0.128201679
Black,109065,0.000458871,3119,1.31E-05,2/25/21,0.133201398
Black,109352,0.000460079,3142,1.32E-05,2/26/21,0.138681559
Black,109591,0.000461084,3161,1.33E-05,2/27/21,0.142606926
Black,109810,0.000462006,3179,1.34E-05,2/28/21,0.144730742
Black,109920,0.000462469,3188,1.34E-05,3/1/21,0.148670451
Black,110115,0.000463289,3209,1.35E-05,3/2/21,0.153763811
Black,110397,0.000464475,3222,1.36E-05,3/3/21,0.159470906
Black,110700,0.00046575,3237,1.36E-05,3/4/21,0.165411684
Black,110994,0.000466987,3262,1.37E-05,3/5/21,0.171216217
Black,111279,0.000468186,3275,1.38E-05,3/6/21,0.175549897
Black,111452,0.000468914,3279,1.38E-05,3/7/21,0.177846233
Black,111621,0.000469625,3278,1.38E-05,3/8/21,0.181523576
Black,111916,0.000470866,3309,1.39E-05,3/9/21,0.186351617
Black,112115,0.000471704,3329,1.40E-05,3/10/21,0.19174826
Black,112357,0.000472722,3349,1.41E-05,3/11/21,0.198499335
Black,112580,0.00047366,3360,1.41E-05,3/12/21,0.205854443
Black,112784,0.000474518,3373,1.42E-05,3/13/21,0.210400716
Black,112973,0.000475314,3373,1.42E-05,3/14/21,0.213217144
Black,113064,0.000475696,3374,1.42E-05,3/15/21,0.218178056
Black,113234,0.000476412,3392,1.43E-05,3/16/21,0.224849831
Black,113471,0.000477409,3413,1.44E-05,3/17/21,0.231585721
Black,113683,0.000478301,3422,1.44E-05,3/18/21,0.238632486
Black,113876,0.000479113,3437,1.45E-05,3/19/21,0.245999405
Black,114079,0.000479967,3438,1.45E-05,3/20/21,0.2513758
Black,114202,0.000480484,3459,1.46E-05,3/21/21,0.254063154
Black,114318,0.000480972,3461,1.46E-05,3/22/21,0.258878542
Black,114463,0.000481582,3471,1.46E-05,3/23/21,0.265287529
Black,114642,0.000482336,3487,1.47E-05,3/24/21,0.271782565
Black,114803,0.000483013,3509,1.48E-05,3/25/21,0.278684227
Black,115054,0.000484069,3520,1.48E-05,3/26/21,0.285728039
Black,115294,0.000485079,3538,1.49E-05,3/27/21,0.290680093
Black,115469,0.000485815,3538,1.49E-05,3/28/21,0.293383898
Black,115637,0.000486522,3539,1.49E-05,3/29/21,0.298570479
Black,115773,0.000487094,3544,1.49E-05,3/30/21,0.30517392
Black,115949,0.000487835,3554,1.50E-05,3/31/21,0.312060397
Black,116153,0.000488693,3569,1.50E-05,4/1/21,0.319508725
Black,116474,0.000490043,3583,1.51E-05,4/2/21,0.327199172
Black,116648,0.000490775,3591,1.51E-05,4/3/21,0.332080784
Black,116831,0.000491545,3599,1.51E-05,4/4/21,0.334250155
Black,116979,0.000492168,3603,1.52E-05,4/5/21,0.339864873
Black,117180,0.000493014,3611,1.52E-05,4/6/21,0.347172739
Black,117337,0.000493674,3628,1.53E-05,4/7/21,0.354960202
Black,117558,0.000494604,3640,1.53E-05,4/8/21,0.36315176
Black,117905,0.000496064,3665,1.54E-05,4/9/21,0.370978874
Black,118240,0.000497474,3673,1.55E-05,4/10/21,0.376281453
Black,118454,0.000498374,3677,1.55E-05,4/11/21,0.378927469
Black,118607,0.000499018,3685,1.55E-05,4/12/21,0.384187867
Black,118815,0.000499893,3693,1.55E-05,4/13/21,0.390881154
Black,118986,0.000500612,3702,1.56E-05,4/14/21,0.397694236
Black,119188,0.000501462,3713,1.56E-05,4/15/21,0.404714005
Black,119452,0.000502573,3722,1.57E-05,4/16/21,0.411404761
Black,119717,0.000503688,3730,1.57E-05,4/17/21,0.416222258
Black,119930,0.000504584,3731,1.57E-05,4/18/21,0.418491598
Black,120097,0.000505286,3732,1.57E-05,4/19/21,0.42343395
Black,120292,0.000506107,3738,1.57E-05,4/20/21,0.429594913
Black,120487,0.000506927,3745,1.58E-05,4/21/21,0.435950752
Black,120656,0.000507638,3752,1.58E-05,4/22/21,0.442503998
Black,120883,0.000508593,3755,1.58E-05,4/23/21,0.448938716
Black,121090,0.000509464,3762,1.58E-05,4/24/21,0.453567664
Black,121275,0.000510243,3762,1.58E-05,4/25/21,0.455760234
Black,121467,0.000511051,3764,1.58E-05,4/26/21,0.460225941
Black,121633,0.000511749,3771,1.59E-05,4/27/21,0.46557534
Latino,704045,0.000456886,10309,6.69E-06,12/16/20,8.18E-05
Latino,718812,0.000466469,10454,6.78E-06,12/17/20,0.000354386
Latino,733236,0.000475829,10563,6.85E-06,12/18/20,0.000772271
Latino,749406,0.000486322,10631,6.90E-06,12/19/20,0.00100213
Latino,762170,0.000494606,10680,6.93E-06,12/20/20,0.001167905
Latino,776907,0.000504169,10721,6.96E-06,12/21/20,0.001658919
Latino,789553,0.000512376,10887,7.07E-06,12/22/20,0.002147655
Latino,789553,0.000512376,10887,7.07E-06,12/23/20,0.002643352
Latino,818803,0.000531357,11132,7.22E-06,12/24/20,0.002874708
Latino,829409,0.00053824,11194,7.26E-06,12/25/20,0.002895203
Latino,850387,0.000551853,11274,7.32E-06,12/26/20,0.003021941
Latino,863013,0.000560047,11325,7.35E-06,12/27/20,0.003117775
Latino,875282,0.000568009,11381,7.39E-06,12/28/20,0.00358374
Latino,887580,0.00057599,11575,7.51E-06,12/29/20,0.004175988
Latino,887580,0.00057599,11575,7.51E-06,12/30/20,0.00487975
Latino,916049,0.000594464,12009,7.79E-06,12/31/20,0.005282671
Latino,934959,0.000606736,12181,7.90E-06,1/1/21,0.005331597
Latino,951899,0.000617729,12282,7.97E-06,1/2/21,0.005507911
Latino,966661,0.000627309,12314,7.99E-06,1/3/21,0.005572321
Latino,979315,0.000635521,12422,8.06E-06,1/4/21,0.00606854
Latino,990854,0.000643009,12583,8.17E-06,1/5/21,0.00678128
Latino,1007959,0.000654109,12827,8.32E-06,1/6/21,0.007690699
Latino,1031277,0.000669241,13040,8.46E-06,1/7/21,0.008806165
Latino,1054317,0.000684193,13300,8.63E-06,1/8/21,0.010110633
Latino,1078116,0.000699637,13484,8.75E-06,1/9/21,0.010558185
Latino,1098158,0.000712643,13627,8.84E-06,1/10/21,0.010799105
Latino,1116243,0.000724379,13708,8.90E-06,1/11/21,0.011844826
Latino,1133397,0.000735511,14078,9.14E-06,1/12/21,0.013011561
Latino,1148799,0.000745506,14292,9.27E-06,1/13/21,0.01424329
Latino,1169350,0.000758843,14443,9.37E-06,1/14/21,0.015557647
Latino,1187089,0.000770354,14649,9.51E-06,1/15/21,0.017142527
Latino,1206977,0.00078326,14886,9.66E-06,1/16/21,0.017795346
Latino,1222272,0.000793186,15018,9.75E-06,1/17/21,0.018129238
Latino,1234755,0.000801287,15119,9.81E-06,1/18/21,0.018956029
Latino,1245900,0.000808519,15240,9.89E-06,1/19/21,0.02034911
Latino,1255339,0.000814645,15554,1.01E-05,1/20/21,0.021963657
Latino,1267145,0.000822306,15829,1.03E-05,1/21/21,0.023829599
Latino,1277389,0.000828954,16046,1.04E-05,1/22/21,0.025712716
Latino,1289848,0.000837039,16348,1.06E-05,1/23/21,0.026791944
Latino,1301553,0.000844635,16433,1.07E-05,1/24/21,0.027321473
Latino,1309764,0.000849963,16518,1.07E-05,1/25/21,0.028712536
Latino,1317261,0.000854829,16822,1.09E-05,1/26/21,0.030403595
Latino,1326727,0.000860971,17147,1.11E-05,1/27/21,0.032249108
Latino,1336890,0.000867567,17404,1.13E-05,1/28/21,0.034244325
Latino,1347343,0.00087435,17681,1.15E-05,1/29/21,0.03626368
Latino,1355776,0.000879823,17965,1.17E-05,1/30/21,0.037418963
Latino,1364160,0.000885263,18123,1.18E-05,1/31/21,0.037931252
Latino,1370089,0.000889111,18220,1.18E-05,2/1/21,0.039511772
Latino,1375197,0.000892426,18502,1.20E-05,2/2/21,0.041491895
Latino,1382352,0.000897069,18756,1.22E-05,2/3/21,0.043704285
Latino,1389409,0.000901649,19117,1.24E-05,2/4/21,0.04622142
Latino,1395863,0.000905837,19407,1.26E-05,2/5/21,0.049052798
Latino,1402958,0.000910441,19624,1.27E-05,2/6/21,0.050585108
Latino,1407969,0.000913693,19756,1.28E-05,2/7/21,0.051157057
Latino,1411997,0.000916307,19846,1.29E-05,2/8/21,0.053031977
Latino,1415893,0.000918835,20125,1.31E-05,2/9/21,0.055335843
Latino,1421616,0.000922549,20364,1.32E-05,2/10/21,0.058070996
Latino,1427192,0.000926168,20596,1.34E-05,2/11/21,0.06153522
Latino,1432099,0.000929352,20782,1.35E-05,2/12/21,0.065084478
Latino,1437235,0.000932685,20989,1.36E-05,2/13/21,0.066936041
Latino,1441312,0.000935331,21098,1.37E-05,2/14/21,0.067928347
Latino,1444316,0.00093728,21139,1.37E-05,2/15/21,0.069542504
Latino,1446427,0.00093865,21267,1.38E-05,2/16/21,0.072401272
Latino,1449831,0.000940859,21466,1.39E-05,2/17/21,0.075353338
Latino,1454195,0.000943691,21677,1.41E-05,2/18/21,0.078617435
Latino,1458771,0.000946661,21866,1.42E-05,2/19/21,0.081951016
Latino,1462751,0.000949243,22030,1.43E-05,2/20/21,0.083811493
Latino,1466824,0.000951887,22114,1.44E-05,2/21/21,0.084500161
Latino,1469005,0.000953302,22141,1.44E-05,2/22/21,0.086435132
Latino,1472040,0.000955271,22371,1.45E-05,2/23/21,0.089016872
Latino,1476643,0.000958259,22893,1.49E-05,2/24/21,0.092349933
Latino,1479012,0.000959796,23046,1.50E-05,2/25/21,0.096402241
Latino,1484054,0.000963068,23307,1.51E-05,2/26/21,0.101289993
Latino,1487225,0.000965126,23435,1.52E-05,2/27/21,0.104530798
Latino,1490539,0.000967276,23571,1.53E-05,2/28/21,0.106124461
Latino,1492186,0.000968345,23608,1.53E-05,3/1/21,0.109501959
Latino,1494376,0.000969766,23768,1.54E-05,3/2/21,0.113399682
Latino,1498006,0.000972122,23976,1.56E-05,3/3/21,0.118081517
Latino,1501574,0.000974437,24150,1.57E-05,3/4/21,0.123235758
Latino,1505360,0.000976894,24282,1.58E-05,3/5/21,0.128510232
Latino,1509103,0.000979323,24402,1.58E-05,3/6/21,0.132497544
Latino,1511539,0.000980904,24429,1.59E-05,3/7/21,0.134070452
Latino,1513632,0.000982262,24441,1.59E-05,3/8/21,0.13731425
Latino,1517144,0.000984541,24687,1.60E-05,3/9/21,0.141266104
Latino,1519953,0.000986364,24810,1.61E-05,3/10/21,0.146206881
Latino,1523141,0.000988433,24975,1.62E-05,3/11/21,0.152037753
Latino,1525777,0.000990144,25078,1.63E-05,3/12/21,0.158405898
Latino,1528371,0.000991827,25161,1.63E-05,3/13/21,0.163190854
Latino,1530227,0.000993032,25222,1.64E-05,3/14/21,0.165385808
Latino,1531667,0.000993966,25236,1.64E-05,3/15/21,0.169996467
Latino,1533493,0.000995151,25357,1.65E-05,3/16/21,0.175923825
Latino,1536241,0.000996934,25517,1.66E-05,3/17/21,0.18240049
Latino,1538923,0.000998675,25623,1.66E-05,3/18/21,0.189114562
Latino,1541274,0.0010002,25667,1.67E-05,3/19/21,0.19638126
Latino,1543403,0.001001582,25678,1.67E-05,3/20/21,0.201742134
Latino,1545009,0.001002624,25843,1.68E-05,3/21/21,0.204013405
Latino,1545951,0.001003236,25854,1.68E-05,3/22/21,0.208546316
Latino,1546872,0.001003833,25967,1.69E-05,3/23/21,0.214693058
Latino,1548843,0.001005112,26078,1.69E-05,3/24/21,0.221424697
Latino,1551306,0.001006711,26219,1.70E-05,3/25/21,0.228723925
Latino,1553962,0.001008434,26351,1.71E-05,3/26/21,0.237083839
Latino,1556231,0.001009907,26429,1.72E-05,3/27/21,0.242927203
Latino,1558356,0.001011286,26449,1.72E-05,3/28/21,0.245657997
Latino,1560087,0.001012409,26460,1.72E-05,3/29/21,0.251156995
Latino,1561359,0.001013234,26530,1.72E-05,3/30/21,0.258623495
Latino,1563114,0.001014373,26613,1.73E-05,3/31/21,0.266704623
Latino,1565720,0.001016065,26682,1.73E-05,4/1/21,0.275269088
Latino,1567947,0.00101751,26780,1.74E-05,4/2/21,0.283811887
Latino,1570215,0.001018982,26806,1.74E-05,4/3/21,0.290089271
Latino,1572022,0.001020154,26833,1.74E-05,4/4/21,0.292161846
Latino,1573813,0.001021316,26850,1.74E-05,4/5/21,0.298097532
Latino,1575330,0.001022301,26918,1.75E-05,4/6/21,0.306150619
Latino,1577681,0.001023827,26968,1.75E-05,4/7/21,0.314661018
Latino,1579840,0.001025228,27042,1.75E-05,4/8/21,0.323513376
Latino,1582594,0.001027015,27138,1.76E-05,4/9/21,0.332456233
Latino,1586084,0.00102928,27194,1.76E-05,4/10/21,0.340186814
Latino,1587592,0.001030258,27227,1.77E-05,4/11/21,0.343558652
Latino,1588988,0.001031164,27239,1.77E-05,4/12/21,0.349672539
Latino,1590125,0.001031902,27381,1.78E-05,4/13/21,0.357877803
Latino,1591357,0.001032701,27452,1.78E-05,4/14/21,0.366491063
Latino,1592932,0.001033724,27497,1.78E-05,4/15/21,0.375320975
Latino,1595297,0.001035258,27539,1.79E-05,4/16/21,0.384458625
Latino,1597381,0.001036611,27569,1.79E-05,4/17/21,0.39155688
Latino,1599172,0.001037773,27565,1.79E-05,4/18/21,0.394257616
Latino,1600240,0.001038466,27573,1.79E-05,4/19/21,0.399943729
Latino,1601596,0.001039346,27616,1.79E-05,4/20/21,0.407962985
Latino,1603628,0.001040665,27643,1.79E-05,4/21/21,0.416503051
Latino,1605058,0.001041593,27696,1.80E-05,4/22/21,0.425217481
Latino,1606081,0.001042257,27714,1.80E-05,4/23/21,0.434148757
Latino,1607394,0.001043109,27736,1.80E-05,4/24/21,0.441508492
Latino,1609135,0.001044238,27738,1.80E-05,4/25/21,0.444476303
Latino,1610105,0.001044868,27739,1.80E-05,4/26/21,0.449676086
Latino,1611216,0.001045589,27807,1.80E-05,4/27/21,0.456538237
White,244082,0.000168349,6643,4.58E-06,12/16/20,0.000241884
White,249993,0.000172426,6782,4.68E-06,12/17/20,0.000878057
White,256610,0.00017699,6873,4.74E-06,12/18/20,0.001958791
White,263503,0.000181744,6942,4.79E-06,12/19/20,0.002536948
White,270068,0.000186273,7001,4.83E-06,12/20/20,0.002961801
White,275360,0.000189923,7041,4.86E-06,12/21/20,0.004128003
White,281095,0.000193878,7133,4.92E-06,12/22/20,0.005320412
White,281095,0.000193878,7133,4.92E-06,12/23/20,0.006516694
White,292850,0.000201986,7351,5.07E-06,12/24/20,0.007061798
White,298104,0.00020561,7413,5.11E-06,12/25/20,0.007108473
White,304451,0.000209987,7482,5.16E-06,12/26/20,0.007474273
White,309333,0.000213355,7497,5.17E-06,12/27/20,0.007712838
White,314179,0.000216697,7525,5.19E-06,12/28/20,0.008843082
White,319136,0.000220116,7679,5.30E-06,12/29/20,0.010070965
White,319136,0.000220116,7679,5.30E-06,12/30/20,0.01150844
White,330626,0.000228041,8008,5.52E-06,12/31/20,0.012202214
White,338842,0.000233708,8136,5.61E-06,1/1/21,0.012310087
White,345442,0.00023826,8211,5.66E-06,1/2/21,0.012709286
White,350048,0.000241437,8230,5.68E-06,1/3/21,0.012850696
White,355808,0.00024541,8309,5.73E-06,1/4/21,0.013865876
White,360022,0.000248316,8441,5.82E-06,1/5/21,0.015176946
White,366351,0.000252681,8619,5.94E-06,1/6/21,0.016875735
White,374526,0.00025832,8791,6.06E-06,1/7/21,0.019045846
White,383641,0.000264607,8976,6.19E-06,1/8/21,0.021556793
White,391396,0.000269955,9133,6.30E-06,1/9/21,0.022573149
White,397915,0.000274452,9243,6.38E-06,1/10/21,0.023138513
White,403801,0.000278511,9307,6.42E-06,1/11/21,0.025671104
White,409082,0.000282154,9569,6.60E-06,1/12/21,0.028521091
White,414819,0.000286111,9736,6.72E-06,1/13/21,0.031592285
White,421508,0.000290724,9891,6.82E-06,1/14/21,0.034944433
White,429258,0.00029607,10091,6.96E-06,1/15/21,0.038988973
White,436083,0.000300777,10256,7.07E-06,1/16/21,0.041601984
White,441059,0.000304209,10362,7.15E-06,1/17/21,0.043218555
White,445062,0.00030697,10428,7.19E-06,1/18/21,0.045841041
White,448577,0.000309395,10530,7.26E-06,1/19/21,0.050179464
White,452456,0.00031207,10741,7.41E-06,1/20/21,0.055242572
White,456733,0.00031502,10976,7.57E-06,1/21/21,0.060976912
White,460463,0.000317593,11145,7.69E-06,1/22/21,0.066502282
White,464301,0.00032024,11330,7.81E-06,1/23/21,0.070146309
White,469037,0.000323506,11404,7.87E-06,1/24/21,0.072254393
White,471996,0.000325547,11460,7.90E-06,1/25/21,0.0768356
White,475186,0.000327747,11664,8.04E-06,1/26/21,0.082296662
White,478329,0.000329915,11879,8.19E-06,1/27/21,0.088138182
White,482025,0.000332464,12045,8.31E-06,1/28/21,0.094291843
White,485750,0.000335034,12267,8.46E-06,1/29/21,0.099943065
White,489390,0.000337544,12423,8.57E-06,1/30/21,0.104255281
White,492364,0.000339596,12511,8.63E-06,1/31/21,0.106888692
White,494536,0.000341094,12573,8.67E-06,2/1/21,0.111850358
White,496550,0.000342483,12761,8.80E-06,2/2/21,0.117710065
White,499316,0.000344391,12968,8.94E-06,2/3/21,0.124279243
White,502234,0.000346403,13190,9.10E-06,2/4/21,0.131344291
White,504843,0.000348203,13361,9.22E-06,2/5/21,0.138600744
White,507681,0.00035016,13485,9.30E-06,2/6/21,0.143683836
White,509892,0.000351685,13578,9.37E-06,2/7/21,0.145971224
White,511462,0.000352768,13628,9.40E-06,2/8/21,0.151786883
White,513077,0.000353882,13744,9.48E-06,2/9/21,0.158432955
White,515005,0.000355212,13918,9.60E-06,2/10/21,0.166272129
White,517166,0.000356702,14068,9.70E-06,2/11/21,0.174561187
White,519168,0.000358083,14216,9.81E-06,2/12/21,0.183329035
White,521073,0.000359397,14348,9.90E-06,2/13/21,0.18902389
White,522663,0.000360494,14425,9.95E-06,2/14/21,0.192396783
White,523927,0.000361365,14453,9.97E-06,2/15/21,0.197229001
White,524753,0.000361935,14542,1.00E-05,2/16/21,0.205613278
White,526046,0.000362827,14689,1.01E-05,2/17/21,0.214249743
White,527690,0.000363961,14819,1.02E-05,2/18/21,0.223321778
White,529334,0.000365095,14958,1.03E-05,2/19/21,0.231372548
White,530958,0.000366215,15083,1.04E-05,2/20/21,0.236492842
White,532295,0.000367137,15170,1.05E-05,2/21/21,0.239045418
White,533145,0.000367723,15205,1.05E-05,2/22/21,0.24440974
White,534330,0.000368541,15249,1.05E-05,2/23/21,0.251776693
White,535706,0.00036949,15648,1.08E-05,2/24/21,0.261059841
White,537448,0.000370691,15836,1.09E-05,2/25/21,0.271417914
White,538323,0.000371295,15908,1.10E-05,2/26/21,0.282400958
White,539466,0.000372083,16017,1.10E-05,2/27/21,0.290098514
White,540449,0.000372761,16075,1.11E-05,2/28/21,0.294265101
White,541113,0.000373219,16111,1.11E-05,3/1/21,0.301774295
White,541927,0.00037378,16205,1.12E-05,3/2/21,0.310390775
White,542988,0.000374512,16317,1.13E-05,3/3/21,0.320574868
White,544198,0.000375347,16410,1.13E-05,3/4/21,0.331050564
White,545388,0.000376168,16505,1.14E-05,3/5/21,0.340618123
White,546630,0.000377024,16586,1.14E-05,3/6/21,0.34803113
White,547503,0.000377626,16622,1.15E-05,3/7/21,0.351650747
White,548193,0.000378102,16645,1.15E-05,3/8/21,0.357816509
White,550247,0.000379519,16739,1.15E-05,3/9/21,0.365501064
White,550982,0.000380026,16834,1.16E-05,3/10/21,0.374502153
White,552040,0.000380756,16906,1.17E-05,3/11/21,0.385101557
White,553035,0.000381442,16972,1.17E-05,3/12/21,0.39583345
White,553898,0.000382037,16995,1.17E-05,3/13/21,0.403281931
White,554628,0.000382541,17010,1.17E-05,3/14/21,0.407438838
White,555045,0.000382828,17028,1.17E-05,3/15/21,0.415569959
White,555879,0.000383403,17120,1.18E-05,3/16/21,0.426046416
White,556746,0.000384001,17202,1.19E-05,3/17/21,0.436478686
White,557745,0.00038469,17281,1.19E-05,3/18/21,0.447442437
White,558680,0.000385335,17265,1.19E-05,3/19/21,0.458066596
White,559739,0.000386066,17294,1.19E-05,3/20/21,0.465349879
White,560434,0.000386545,17435,1.20E-05,3/21/21,0.469107311
White,560887,0.000386858,17457,1.20E-05,3/22/21,0.476413828
White,561478,0.000387265,17548,1.21E-05,3/23/21,0.485888035
White,562217,0.000387775,17619,1.22E-05,3/24/21,0.496091352
White,563121,0.000388398,17688,1.22E-05,3/25/21,0.506988167
White,564332,0.000389234,17750,1.22E-05,3/26/21,0.517923636
White,565221,0.000389847,17816,1.23E-05,3/27/21,0.52548158
White,566013,0.000390393,17823,1.23E-05,3/28/21,0.529632955
White,566700,0.000390867,17826,1.23E-05,3/29/21,0.537605932
White,567405,0.000391353,17881,1.23E-05,3/30/21,0.547814297
White,568169,0.00039188,17932,1.24E-05,3/31/21,0.558585537
White,569110,0.000392529,17992,1.24E-05,4/1/21,0.571380636
White,570279,0.000393335,18021,1.24E-05,4/2/21,0.583241323
White,571125,0.000393919,18073,1.25E-05,4/3/21,0.590974559
White,571882,0.000394441,18081,1.25E-05,4/4/21,0.594112621
White,572450,0.000394833,18068,1.25E-05,4/5/21,0.603227737
White,573154,0.000395318,18107,1.25E-05,4/6/21,0.614920874
White,573934,0.000395856,18159,1.25E-05,4/7/21,0.626686342
White,574807,0.000396459,18214,1.26E-05,4/8/21,0.639171722
White,576131,0.000397372,18254,1.26E-05,4/9/21,0.650734444
White,577428,0.000398266,18274,1.26E-05,4/10/21,0.658415335
White,578221,0.000398813,18285,1.26E-05,4/11/21,0.662654046
White,578757,0.000399183,18277,1.26E-05,4/12/21,0.670633108
White,579375,0.000399609,18269,1.26E-05,4/13/21,0.680802265
White,580054,0.000400077,18317,1.26E-05,4/14/21,0.691241243
White,580850,0.000400627,18325,1.26E-05,4/15/21,0.702672443
White,581832,0.000401304,18344,1.27E-05,4/16/21,0.71329923
White,582705,0.000401906,18365,1.27E-05,4/17/21,0.720100335
White,583309,0.000402323,18371,1.27E-05,4/18/21,0.723463063
White,583815,0.000402672,18383,1.27E-05,4/19/21,0.730963889
White,584471,0.000403124,18406,1.27E-05,4/20/21,0.740424198
White,585252,0.000403663,18444,1.27E-05,4/21/21,0.749932219
White,585770,0.00040402,18466,1.27E-05,4/22/21,0.76021084
White,586286,0.000404376,18480,1.27E-05,4/23/21,0.769906324
White,586823,0.000404746,18494,1.28E-05,4/24/21,0.77629613
White,587420,0.000405158,18501,1.28E-05,4/25/21,0.779414484
White,587870,0.000405468,18502,1.28E-05,4/26/21,0.785395133
White,588338,0.000405791,18491,1.28E-05,4/27/21,0.793182099