,Date,Other,Black,White,Asian,Hispanic,Fips,State
0,2021-01-07 00:00:00,0,15,66,0,0,12007,FL
1,2021-01-14 00:00:00,0,10,50,0,1,12007,FL
2,2021-01-21 00:00:00,0,7,37,0,0,12007,FL
3,2021-01-28 00:00:00,0,5,33,0,0,12007,FL
4,2021-02-04 00:00:00,0,3,38,0,0,12007,FL
5,2021-02-11 00:00:00,0,5,24,0,2,12007,FL
6,2021-02-18 00:00:00,0,32,48,0,4,12007,FL
7,2021-02-25 00:00:00,0,3,14,0,0,12007,FL
8,2021-03-04 00:00:00,0,0,11,0,0,12007,FL
9,2021-03-11 00:00:00,0,7,23,0,1,12007,FL
10,2021-03-18 00:00:00,0,0,8,0,0,12007,FL
11,2021-03-25 00:00:00,0,0,0,0,0,12007,FL
0,2021-01-07 00:00:00,0,2,20,0,0,12029,FL
1,2021-01-14 00:00:00,0,5,20,0,0,12029,FL
2,2021-01-21 00:00:00,0,0,21,0,0,12029,FL
3,2021-01-28 00:00:00,0,1,16,0,0,12029,FL
4,2021-02-04 00:00:00,0,1,4,0,0,12029,FL
5,2021-02-11 00:00:00,0,0,9,0,0,12029,FL
6,2021-02-18 00:00:00,0,2,11,0,0,12029,FL
7,2021-02-25 00:00:00,0,1,14,0,0,12029,FL
8,2021-03-04 00:00:00,0,0,6,0,0,12029,FL
9,2021-03-11 00:00:00,0,2,10,0,1,12029,FL
10,2021-03-18 00:00:00,0,3,19,0,0,12029,FL
11,2021-03-25 00:00:00,0,0,0,0,0,12029,FL
0,2021-01-07 00:00:00,0,0,41,0,0,12045,FL
1,2021-01-14 00:00:00,0,9,52,0,0,12045,FL
2,2021-01-21 00:00:00,0,6,56,0,0,12045,FL
3,2021-01-28 00:00:00,0,8,31,0,1,12045,FL
4,2021-02-04 00:00:00,0,3,22,0,0,12045,FL
5,2021-02-11 00:00:00,0,2,17,0,0,12045,FL
6,2021-02-18 00:00:00,0,1,27,0,0,12045,FL
7,2021-02-25 00:00:00,0,1,12,0,0,12045,FL
8,2021-03-04 00:00:00,0,2,7,0,0,12045,FL
9,2021-03-11 00:00:00,0,2,37,0,2,12045,FL
10,2021-03-18 00:00:00,0,0,10,0,0,12045,FL
11,2021-03-25 00:00:00,0,0,0,0,0,12045,FL
0,2021-01-07 00:00:00,0,8,10,0,21,12051,FL
1,2021-01-14 00:00:00,0,10,27,0,15,12051,FL
2,2021-01-21 00:00:00,0,6,9,0,18,12051,FL
3,2021-01-28 00:00:00,0,6,7,0,17,12051,FL
4,2021-02-04 00:00:00,0,3,11,0,14,12051,FL
5,2021-02-11 00:00:00,0,4,7,0,15,12051,FL
6,2021-02-18 00:00:00,0,12,15,0,30,12051,FL
7,2021-02-25 00:00:00,0,5,4,0,13,12051,FL
8,2021-03-04 00:00:00,0,1,5,0,7,12051,FL
9,2021-03-11 00:00:00,1,8,16,0,47,12051,FL
10,2021-03-18 00:00:00,0,2,14,0,18,12051,FL
11,2021-03-25 00:00:00,0,0,0,0,0,12051,FL
0,2021-01-07 00:00:00,0,10,241,1,59,12053,FL
1,2021-01-14 00:00:00,0,18,203,2,49,12053,FL
2,2021-01-21 00:00:00,0,8,222,0,43,12053,FL
3,2021-01-28 00:00:00,0,17,199,2,42,12053,FL
4,2021-02-04 00:00:00,0,10,138,0,41,12053,FL
5,2021-02-11 00:00:00,0,19,154,0,61,12053,FL
6,2021-02-18 00:00:00,0,14,176,0,44,12053,FL
7,2021-02-25 00:00:00,0,15,207,2,60,12053,FL
8,2021-03-04 00:00:00,0,10,107,1,30,12053,FL
9,2021-03-11 00:00:00,0,19,241,1,57,12053,FL
10,2021-03-18 00:00:00,0,7,65,1,27,12053,FL
11,2021-03-25 00:00:00,0,0,0,0,0,12053,FL
0,2021-01-07 00:00:00,1,12,61,3,47,12093,FL
1,2021-01-14 00:00:00,1,3,55,0,40,12093,FL
2,2021-01-21 00:00:00,1,4,43,0,36,12093,FL
3,2021-01-28 00:00:00,0,2,52,0,24,12093,FL
4,2021-02-04 00:00:00,0,2,17,0,11,12093,FL
5,2021-02-11 00:00:00,0,4,37,0,13,12093,FL
6,2021-02-18 00:00:00,0,4,17,1,7,12093,FL
7,2021-02-25 00:00:00,0,2,23,0,9,12093,FL
8,2021-03-04 00:00:00,0,0,14,0,5,12093,FL
9,2021-03-11 00:00:00,0,3,46,0,19,12093,FL
10,2021-03-18 00:00:00,0,2,15,0,12,12093,FL
11,2021-03-25 00:00:00,0,0,0,0,0,12093,FL
0,2021-01-07 00:00:00,0,23,122,0,10,12107,FL
1,2021-01-14 00:00:00,0,37,89,0,12,12107,FL
2,2021-01-21 00:00:00,0,34,105,0,18,12107,FL
3,2021-01-28 00:00:00,0,22,60,0,15,12107,FL
4,2021-02-04 00:00:00,0,21,37,0,8,12107,FL
5,2021-02-11 00:00:00,0,14,38,0,7,12107,FL
6,2021-02-18 00:00:00,0,3,34,0,6,12107,FL
7,2021-02-25 00:00:00,0,8,18,0,6,12107,FL
8,2021-03-04 00:00:00,0,8,14,0,2,12107,FL
9,2021-03-11 00:00:00,0,10,34,0,13,12107,FL
10,2021-03-18 00:00:00,0,2,34,0,3,12107,FL
11,2021-03-25 00:00:00,0,0,0,0,0,12107,FL
0,2021-01-07 00:00:00,0,10,56,0,9,12121,FL
1,2021-01-14 00:00:00,0,7,50,0,12,12121,FL
2,2021-01-21 00:00:00,0,10,24,0,10,12121,FL
3,2021-01-28 00:00:00,0,8,40,0,1,12121,FL
4,2021-02-04 00:00:00,0,2,29,0,2,12121,FL
5,2021-02-11 00:00:00,0,0,18,0,3,12121,FL
6,2021-02-18 00:00:00,0,10,32,0,11,12121,FL
7,2021-02-25 00:00:00,0,2,10,0,1,12121,FL
8,2021-03-04 00:00:00,0,2,12,0,3,12121,FL
9,2021-03-11 00:00:00,0,12,57,0,3,12121,FL
10,2021-03-18 00:00:00,0,7,27,0,2,12121,FL
11,2021-03-25 00:00:00,0,0,0,0,0,12121,FL
0,2021-01-07 00:00:00,0,11,25,0,1,12123,FL
1,2021-01-14 00:00:00,0,9,30,0,0,12123,FL
2,2021-01-21 00:00:00,0,17,30,0,0,12123,FL
3,2021-01-28 00:00:00,0,15,22,0,0,12123,FL
4,2021-02-04 00:00:00,0,9,12,0,0,12123,FL
5,2021-02-11 00:00:00,0,4,14,0,0,12123,FL
6,2021-02-18 00:00:00,0,1,26,0,0,12123,FL
7,2021-02-25 00:00:00,0,1,11,0,0,12123,FL
8,2021-03-04 00:00:00,0,3,10,0,0,12123,FL
9,2021-03-11 00:00:00,0,7,48,0,2,12123,FL
10,2021-03-18 00:00:00,0,4,11,0,0,12123,FL
11,2021-03-25 00:00:00,0,0,0,0,0,12123,FL
0,2021-01-07 00:00:00,0,7,30,0,0,12125,FL
1,2021-01-14 00:00:00,0,8,19,0,0,12125,FL
2,2021-01-21 00:00:00,0,3,11,0,0,12125,FL
3,2021-01-28 00:00:00,0,6,16,0,0,12125,FL
4,2021-02-04 00:00:00,0,7,16,0,1,12125,FL
5,2021-02-11 00:00:00,0,2,9,0,0,12125,FL
6,2021-02-18 00:00:00,0,4,12,0,0,12125,FL
7,2021-02-25 00:00:00,0,3,2,0,0,12125,FL
8,2021-03-04 00:00:00,0,1,5,0,0,12125,FL
9,2021-03-11 00:00:00,0,2,13,0,0,12125,FL
10,2021-03-18 00:00:00,0,1,2,0,0,12125,FL
11,2021-03-25 00:00:00,0,0,0,0,0,12125,FL
0,2021-01-07 00:00:00,0,86,276,21,49,17019,IL
1,2021-01-14 00:00:00,0,109,268,15,45,17019,IL
2,2021-01-21 00:00:00,0,71,260,22,69,17019,IL
3,2021-01-28 00:00:00,0,50,256,35,44,17019,IL
4,2021-02-04 00:00:00,0,33,296,38,46,17019,IL
5,2021-02-11 00:00:00,0,40,327,54,39,17019,IL
6,2021-02-18 00:00:00,0,22,231,41,37,17019,IL
7,2021-02-25 00:00:00,0,27,128,20,19,17019,IL
8,2021-03-04 00:00:00,0,22,99,6,15,17019,IL
9,2021-03-11 00:00:00,0,13,73,7,17,17019,IL
10,2021-03-18 00:00:00,0,53,80,2,11,17019,IL
11,2021-03-25 00:00:00,0,0,0,0,0,17019,IL
0,2021-01-07 00:00:00,0,0,30,0,0,20205,KS
1,2021-01-14 00:00:00,0,0,34,0,0,20205,KS
2,2021-01-21 00:00:00,0,0,21,0,0,20205,KS
3,2021-01-28 00:00:00,0,0,35,0,0,20205,KS
4,2021-02-04 00:00:00,0,0,23,0,0,20205,KS
5,2021-02-11 00:00:00,0,0,19,0,0,20205,KS
6,2021-02-18 00:00:00,0,0,13,0,0,20205,KS
7,2021-02-25 00:00:00,0,0,11,0,0,20205,KS
8,2021-03-04 00:00:00,0,0,19,0,0,20205,KS
9,2021-03-11 00:00:00,0,0,9,0,1,20205,KS
10,2021-03-18 00:00:00,0,0,3,0,0,20205,KS
11,2021-03-25 00:00:00,0,0,0,0,0,20205,KS
0,2021-01-07 00:00:00,0,1,60,0,5,21017,KY
1,2021-01-14 00:00:00,0,2,63,0,5,21017,KY
2,2021-01-21 00:00:00,0,3,53,0,0,21017,KY
3,2021-01-28 00:00:00,0,1,52,0,2,21017,KY
4,2021-02-04 00:00:00,0,1,38,0,3,21017,KY
5,2021-02-11 00:00:00,0,0,20,0,3,21017,KY
6,2021-02-18 00:00:00,0,0,13,0,1,21017,KY
7,2021-02-25 00:00:00,0,0,2,0,0,21017,KY
8,2021-03-04 00:00:00,0,0,2,0,0,21017,KY
9,2021-03-11 00:00:00,0,0,2,0,1,21017,KY
10,2021-03-18 00:00:00,0,0,1,0,0,21017,KY
11,2021-03-25 00:00:00,0,0,0,0,0,21017,KY
0,2021-01-07 00:00:00,0,8,83,0,2,21021,KY
1,2021-01-14 00:00:00,0,5,78,0,1,21021,KY
2,2021-01-21 00:00:00,0,5,63,0,3,21021,KY
3,2021-01-28 00:00:00,0,2,43,0,4,21021,KY
4,2021-02-04 00:00:00,0,0,34,0,0,21021,KY
5,2021-02-11 00:00:00,0,2,34,0,0,21021,KY
6,2021-02-18 00:00:00,0,2,19,0,1,21021,KY
7,2021-02-25 00:00:00,0,1,3,0,0,21021,KY
8,2021-03-04 00:00:00,0,0,7,0,0,21021,KY
9,2021-03-11 00:00:00,0,1,3,0,0,21021,KY
10,2021-03-18 00:00:00,0,0,2,0,0,21021,KY
11,2021-03-25 00:00:00,0,0,0,0,0,21021,KY
0,2021-01-07 00:00:00,0,0,1,0,0,21025,KY
1,2021-01-14 00:00:00,0,0,0,0,0,21025,KY
2,2021-01-21 00:00:00,0,0,3,0,0,21025,KY
3,2021-01-28 00:00:00,0,0,17,0,0,21025,KY
4,2021-02-04 00:00:00,0,0,19,0,0,21025,KY
5,2021-02-11 00:00:00,0,0,21,0,0,21025,KY
6,2021-02-18 00:00:00,0,0,7,0,0,21025,KY
7,2021-02-25 00:00:00,0,0,1,0,0,21025,KY
8,2021-03-04 00:00:00,0,0,1,0,0,21025,KY
9,2021-03-11 00:00:00,0,0,1,0,0,21025,KY
10,2021-03-18 00:00:00,0,0,0,0,0,21025,KY
11,2021-03-25 00:00:00,0,0,0,0,0,21025,KY
0,2021-01-07 00:00:00,0,0,54,0,0,21043,KY
1,2021-01-14 00:00:00,0,0,75,0,0,21043,KY
2,2021-01-21 00:00:00,0,0,60,0,0,21043,KY
3,2021-01-28 00:00:00,0,0,63,0,0,21043,KY
4,2021-02-04 00:00:00,0,0,47,0,0,21043,KY
5,2021-02-11 00:00:00,0,0,31,0,0,21043,KY
6,2021-02-18 00:00:00,0,0,19,0,0,21043,KY
7,2021-02-25 00:00:00,0,0,8,0,0,21043,KY
8,2021-03-04 00:00:00,0,0,2,0,0,21043,KY
9,2021-03-11 00:00:00,0,0,4,0,0,21043,KY
10,2021-03-18 00:00:00,0,0,0,0,0,21043,KY
11,2021-03-25 00:00:00,0,0,0,0,0,21043,KY
0,2021-01-07 00:00:00,0,0,38,0,0,21055,KY
1,2021-01-14 00:00:00,0,0,15,0,0,21055,KY
2,2021-01-21 00:00:00,0,0,14,0,0,21055,KY
3,2021-01-28 00:00:00,0,0,10,0,0,21055,KY
4,2021-02-04 00:00:00,0,0,11,0,0,21055,KY
5,2021-02-11 00:00:00,0,0,5,0,0,21055,KY
6,2021-02-18 00:00:00,0,0,5,0,0,21055,KY
7,2021-02-25 00:00:00,0,0,0,0,0,21055,KY
8,2021-03-04 00:00:00,0,0,0,0,0,21055,KY
9,2021-03-11 00:00:00,0,0,0,0,0,21055,KY
10,2021-03-18 00:00:00,0,0,0,0,0,21055,KY
11,2021-03-25 00:00:00,0,0,0,0,0,21055,KY
0,2021-01-07 00:00:00,0,0,32,0,0,21065,KY
1,2021-01-14 00:00:00,0,0,42,0,0,21065,KY
2,2021-01-21 00:00:00,0,0,29,0,0,21065,KY
3,2021-01-28 00:00:00,0,0,23,0,0,21065,KY
4,2021-02-04 00:00:00,0,0,23,0,0,21065,KY
5,2021-02-11 00:00:00,0,0,15,0,0,21065,KY
6,2021-02-18 00:00:00,0,0,18,0,0,21065,KY
7,2021-02-25 00:00:00,0,0,6,0,0,21065,KY
8,2021-03-04 00:00:00,0,0,5,0,0,21065,KY
9,2021-03-11 00:00:00,0,0,1,0,0,21065,KY
10,2021-03-18 00:00:00,0,0,0,0,0,21065,KY
11,2021-03-25 00:00:00,0,0,0,0,0,21065,KY
0,2021-01-07 00:00:00,0,0,48,0,0,21109,KY
1,2021-01-14 00:00:00,0,0,39,0,0,21109,KY
2,2021-01-21 00:00:00,0,0,22,0,0,21109,KY
3,2021-01-28 00:00:00,0,0,18,0,0,21109,KY
4,2021-02-04 00:00:00,0,0,24,0,0,21109,KY
5,2021-02-11 00:00:00,0,0,14,0,0,21109,KY
6,2021-02-18 00:00:00,0,0,8,0,0,21109,KY
7,2021-02-25 00:00:00,0,0,8,0,0,21109,KY
8,2021-03-04 00:00:00,0,0,2,0,0,21109,KY
9,2021-03-11 00:00:00,0,0,0,0,0,21109,KY
10,2021-03-18 00:00:00,0,0,0,0,0,21109,KY
11,2021-03-25 00:00:00,0,0,0,0,0,21109,KY
0,2021-01-07 00:00:00,0,2,137,0,6,21113,KY
1,2021-01-14 00:00:00,0,5,140,0,10,21113,KY
2,2021-01-21 00:00:00,0,13,166,0,9,21113,KY
3,2021-01-28 00:00:00,0,9,163,0,3,21113,KY
4,2021-02-04 00:00:00,0,0,91,0,3,21113,KY
5,2021-02-11 00:00:00,0,3,65,1,8,21113,KY
6,2021-02-18 00:00:00,0,2,60,0,2,21113,KY
7,2021-02-25 00:00:00,0,1,28,0,1,21113,KY
8,2021-03-04 00:00:00,0,0,13,0,1,21113,KY
9,2021-03-11 00:00:00,0,0,4,0,1,21113,KY
10,2021-03-18 00:00:00,0,0,0,0,0,21113,KY
11,2021-03-25 00:00:00,0,0,0,0,0,21113,KY
0,2021-01-07 00:00:00,0,1,145,0,0,21121,KY
1,2021-01-14 00:00:00,0,0,120,0,0,21121,KY
2,2021-01-21 00:00:00,0,1,151,0,0,21121,KY
3,2021-01-28 00:00:00,0,1,136,0,0,21121,KY
4,2021-02-04 00:00:00,0,0,77,0,0,21121,KY
5,2021-02-11 00:00:00,0,0,52,0,0,21121,KY
6,2021-02-18 00:00:00,0,0,43,0,0,21121,KY
7,2021-02-25 00:00:00,0,0,36,0,0,21121,KY
8,2021-03-04 00:00:00,0,0,23,0,0,21121,KY
9,2021-03-11 00:00:00,0,0,22,0,0,21121,KY
10,2021-03-18 00:00:00,0,0,1,0,0,21121,KY
11,2021-03-25 00:00:00,0,0,0,0,0,21121,KY
0,2021-01-07 00:00:00,0,0,245,0,0,21125,KY
1,2021-01-14 00:00:00,0,0,233,0,0,21125,KY
2,2021-01-21 00:00:00,0,0,175,0,0,21125,KY
3,2021-01-28 00:00:00,0,0,202,0,0,21125,KY
4,2021-02-04 00:00:00,0,0,151,0,0,21125,KY
5,2021-02-11 00:00:00,0,0,125,0,0,21125,KY
6,2021-02-18 00:00:00,0,0,119,0,1,21125,KY
7,2021-02-25 00:00:00,0,0,66,0,0,21125,KY
8,2021-03-04 00:00:00,0,0,26,0,0,21125,KY
9,2021-03-11 00:00:00,0,0,11,0,0,21125,KY
10,2021-03-18 00:00:00,0,0,3,0,0,21125,KY
11,2021-03-25 00:00:00,0,0,0,0,0,21125,KY
0,2021-01-07 00:00:00,0,0,17,0,0,21139,KY
1,2021-01-14 00:00:00,0,0,21,0,0,21139,KY
2,2021-01-21 00:00:00,0,0,25,0,0,21139,KY
3,2021-01-28 00:00:00,0,0,23,0,0,21139,KY
4,2021-02-04 00:00:00,0,0,17,0,0,21139,KY
5,2021-02-11 00:00:00,0,0,17,0,0,21139,KY
6,2021-02-18 00:00:00,0,0,6,0,0,21139,KY
7,2021-02-25 00:00:00,0,0,13,0,0,21139,KY
8,2021-03-04 00:00:00,0,0,3,0,0,21139,KY
9,2021-03-11 00:00:00,0,0,0,0,0,21139,KY
10,2021-03-18 00:00:00,0,0,0,0,0,21139,KY
11,2021-03-25 00:00:00,0,0,0,0,0,21139,KY
0,2021-01-07 00:00:00,0,0,39,0,0,21203,KY
1,2021-01-14 00:00:00,0,0,32,0,0,21203,KY
2,2021-01-21 00:00:00,0,0,41,0,0,21203,KY
3,2021-01-28 00:00:00,0,0,25,0,0,21203,KY
4,2021-02-04 00:00:00,0,0,21,0,0,21203,KY
5,2021-02-11 00:00:00,0,0,10,0,0,21203,KY
6,2021-02-18 00:00:00,0,0,8,0,0,21203,KY
7,2021-02-25 00:00:00,0,0,6,0,0,21203,KY
8,2021-03-04 00:00:00,0,0,1,0,0,21203,KY
9,2021-03-11 00:00:00,0,0,1,0,0,21203,KY
10,2021-03-18 00:00:00,0,0,0,0,0,21203,KY
11,2021-03-25 00:00:00,0,0,0,0,0,21203,KY
0,2021-01-07 00:00:00,0,1,104,0,0,21217,KY
1,2021-01-14 00:00:00,0,1,64,0,1,21217,KY
2,2021-01-21 00:00:00,0,1,81,0,0,21217,KY
3,2021-01-28 00:00:00,0,7,86,0,4,21217,KY
4,2021-02-04 00:00:00,0,1,74,0,5,21217,KY
5,2021-02-11 00:00:00,0,2,34,0,3,21217,KY
6,2021-02-18 00:00:00,0,2,16,0,0,21217,KY
7,2021-02-25 00:00:00,0,2,23,0,0,21217,KY
8,2021-03-04 00:00:00,0,0,3,0,0,21217,KY
9,2021-03-11 00:00:00,0,0,0,0,0,21217,KY
10,2021-03-18 00:00:00,0,0,2,0,0,21217,KY
11,2021-03-25 00:00:00,0,0,0,0,0,21217,KY
0,2021-01-07 00:00:00,0,0,126,0,1,21235,KY
1,2021-01-14 00:00:00,0,0,95,0,0,21235,KY
2,2021-01-21 00:00:00,0,0,108,0,0,21235,KY
3,2021-01-28 00:00:00,0,3,102,0,0,21235,KY
4,2021-02-04 00:00:00,0,0,86,0,0,21235,KY
5,2021-02-11 00:00:00,0,0,51,0,0,21235,KY
6,2021-02-18 00:00:00,0,0,55,0,1,21235,KY
7,2021-02-25 00:00:00,0,0,23,0,0,21235,KY
8,2021-03-04 00:00:00,0,0,7,0,0,21235,KY
9,2021-03-11 00:00:00,0,0,2,0,0,21235,KY
10,2021-03-18 00:00:00,0,0,1,0,0,21235,KY
11,2021-03-25 00:00:00,0,0,0,0,0,21235,KY
0,2021-01-07 00:00:00,0,5,84,0,3,21239,KY
1,2021-01-14 00:00:00,0,7,84,0,8,21239,KY
2,2021-01-21 00:00:00,0,2,72,0,7,21239,KY
3,2021-01-28 00:00:00,0,1,59,0,6,21239,KY
4,2021-02-04 00:00:00,0,1,51,0,6,21239,KY
5,2021-02-11 00:00:00,0,1,38,0,2,21239,KY
6,2021-02-18 00:00:00,0,1,20,0,2,21239,KY
7,2021-02-25 00:00:00,0,0,7,0,1,21239,KY
8,2021-03-04 00:00:00,0,0,5,0,0,21239,KY
9,2021-03-11 00:00:00,0,0,1,0,0,21239,KY
10,2021-03-18 00:00:00,0,0,0,0,0,21239,KY
11,2021-03-25 00:00:00,0,0,0,0,0,21239,KY
0,2021-01-07 00:00:00,0,0,38,0,0,26063,MI
1,2021-01-14 00:00:00,0,0,34,0,1,26063,MI
2,2021-01-21 00:00:00,0,0,28,0,0,26063,MI
3,2021-01-28 00:00:00,0,0,40,0,1,26063,MI
4,2021-02-04 00:00:00,0,0,15,0,1,26063,MI
5,2021-02-11 00:00:00,0,0,19,0,1,26063,MI
6,2021-02-18 00:00:00,0,0,12,0,0,26063,MI
7,2021-02-25 00:00:00,0,0,20,0,0,26063,MI
8,2021-03-04 00:00:00,0,0,18,0,0,26063,MI
9,2021-03-11 00:00:00,0,0,44,0,0,26063,MI
10,2021-03-18 00:00:00,0,0,28,0,0,26063,MI
11,2021-03-25 00:00:00,0,0,0,0,0,26063,MI
0,2021-01-07 00:00:00,0,0,65,0,4,26123,MI
1,2021-01-14 00:00:00,0,1,43,0,6,26123,MI
2,2021-01-21 00:00:00,0,0,65,0,3,26123,MI
3,2021-01-28 00:00:00,0,0,42,0,5,26123,MI
4,2021-02-04 00:00:00,0,0,39,0,0,26123,MI
5,2021-02-11 00:00:00,0,0,30,0,2,26123,MI
6,2021-02-18 00:00:00,0,0,38,0,6,26123,MI
7,2021-02-25 00:00:00,0,0,42,0,5,26123,MI
8,2021-03-04 00:00:00,0,1,44,0,1,26123,MI
9,2021-03-11 00:00:00,0,1,32,0,1,26123,MI
10,2021-03-18 00:00:00,0,0,14,0,0,26123,MI
11,2021-03-25 00:00:00,0,0,0,0,0,26123,MI
0,2021-01-07 00:00:00,0,10,314,14,90,26139,MI
1,2021-01-14 00:00:00,0,7,345,28,94,26139,MI
2,2021-01-21 00:00:00,1,6,515,7,104,26139,MI
3,2021-01-28 00:00:00,0,5,269,14,68,26139,MI
4,2021-02-04 00:00:00,0,3,312,6,48,26139,MI
5,2021-02-11 00:00:00,0,2,211,12,40,26139,MI
6,2021-02-18 00:00:00,0,3,148,2,44,26139,MI
7,2021-02-25 00:00:00,0,6,136,8,38,26139,MI
8,2021-03-04 00:00:00,0,4,165,6,14,26139,MI
9,2021-03-11 00:00:00,0,6,177,4,36,26139,MI
10,2021-03-18 00:00:00,0,2,158,3,29,26139,MI
11,2021-03-25 00:00:00,0,0,0,0,0,26139,MI
0,2021-01-07 00:00:00,1,46,397,44,31,27003,MN
1,2021-01-14 00:00:00,3,54,280,28,22,27003,MN
2,2021-01-21 00:00:00,2,24,254,24,31,27003,MN
3,2021-01-28 00:00:00,0,25,247,16,32,27003,MN
4,2021-02-04 00:00:00,1,30,280,14,13,27003,MN
5,2021-02-11 00:00:00,2,31,222,14,11,27003,MN
6,2021-02-18 00:00:00,0,22,214,9,13,27003,MN
7,2021-02-25 00:00:00,1,14,211,20,13,27003,MN
8,2021-03-04 00:00:00,0,20,205,11,9,27003,MN
9,2021-03-11 00:00:00,4,28,309,9,20,27003,MN
10,2021-03-18 00:00:00,4,12,285,14,13,27003,MN
11,2021-03-25 00:00:00,0,0,0,0,0,27003,MN
0,2021-01-07 00:00:00,0,3,53,1,1,27009,MN
1,2021-01-14 00:00:00,0,8,63,0,0,27009,MN
2,2021-01-21 00:00:00,0,1,27,0,0,27009,MN
3,2021-01-28 00:00:00,0,4,36,0,0,27009,MN
4,2021-02-04 00:00:00,0,1,37,0,1,27009,MN
5,2021-02-11 00:00:00,0,1,21,0,1,27009,MN
6,2021-02-18 00:00:00,0,0,20,0,0,27009,MN
7,2021-02-25 00:00:00,0,0,26,0,1,27009,MN
8,2021-03-04 00:00:00,0,0,49,0,1,27009,MN
9,2021-03-11 00:00:00,0,1,65,0,0,27009,MN
10,2021-03-18 00:00:00,0,0,66,1,0,27009,MN
11,2021-03-25 00:00:00,0,0,0,0,0,27009,MN
0,2021-01-07 00:00:00,0,0,38,0,1,27015,MN
1,2021-01-14 00:00:00,0,0,40,0,2,27015,MN
2,2021-01-21 00:00:00,0,0,34,0,0,27015,MN
3,2021-01-28 00:00:00,0,0,37,0,0,27015,MN
4,2021-02-04 00:00:00,0,0,42,0,5,27015,MN
5,2021-02-11 00:00:00,0,0,55,0,1,27015,MN
6,2021-02-18 00:00:00,0,0,38,0,1,27015,MN
7,2021-02-25 00:00:00,0,0,37,0,2,27015,MN
8,2021-03-04 00:00:00,0,0,36,0,3,27015,MN
9,2021-03-11 00:00:00,0,0,50,0,2,27015,MN
10,2021-03-18 00:00:00,0,0,56,0,2,27015,MN
11,2021-03-25 00:00:00,0,0,0,0,0,27015,MN
0,2021-01-07 00:00:00,0,0,83,1,0,27025,MN
1,2021-01-14 00:00:00,1,0,66,1,2,27025,MN
2,2021-01-21 00:00:00,0,1,54,0,0,27025,MN
3,2021-01-28 00:00:00,0,0,62,1,0,27025,MN
4,2021-02-04 00:00:00,0,0,64,1,1,27025,MN
5,2021-02-11 00:00:00,0,0,63,0,1,27025,MN
6,2021-02-18 00:00:00,0,0,58,0,2,27025,MN
7,2021-02-25 00:00:00,0,0,47,1,2,27025,MN
8,2021-03-04 00:00:00,0,1,32,0,0,27025,MN
9,2021-03-11 00:00:00,0,0,40,0,1,27025,MN
10,2021-03-18 00:00:00,0,0,26,0,0,27025,MN
11,2021-03-25 00:00:00,0,0,0,0,0,27025,MN
0,2021-01-07 00:00:00,1,0,70,1,5,27027,MN
1,2021-01-14 00:00:00,1,4,91,0,2,27027,MN
2,2021-01-21 00:00:00,0,5,61,0,2,27027,MN
3,2021-01-28 00:00:00,2,2,45,2,2,27027,MN
4,2021-02-04 00:00:00,0,1,29,0,1,27027,MN
5,2021-02-11 00:00:00,0,0,24,0,0,27027,MN
6,2021-02-18 00:00:00,0,1,54,1,1,27027,MN
7,2021-02-25 00:00:00,1,1,67,0,0,27027,MN
8,2021-03-04 00:00:00,0,1,58,0,0,27027,MN
9,2021-03-11 00:00:00,1,1,57,0,0,27027,MN
10,2021-03-18 00:00:00,2,2,67,0,0,27027,MN
11,2021-03-25 00:00:00,0,0,0,0,0,27027,MN
0,2021-01-07 00:00:00,0,0,5,0,1,27033,MN
1,2021-01-14 00:00:00,0,0,20,0,0,27033,MN
2,2021-01-21 00:00:00,0,0,11,0,0,27033,MN
3,2021-01-28 00:00:00,0,0,9,0,0,27033,MN
4,2021-02-04 00:00:00,0,0,10,0,0,27033,MN
5,2021-02-11 00:00:00,0,0,7,0,0,27033,MN
6,2021-02-18 00:00:00,0,0,2,0,0,27033,MN
7,2021-02-25 00:00:00,0,0,9,0,1,27033,MN
8,2021-03-04 00:00:00,0,0,17,0,0,27033,MN
9,2021-03-11 00:00:00,0,0,26,0,3,27033,MN
10,2021-03-18 00:00:00,0,0,18,0,0,27033,MN
11,2021-03-25 00:00:00,0,0,0,0,0,27033,MN
0,2021-01-07 00:00:00,0,0,69,0,1,27035,MN
1,2021-01-14 00:00:00,0,1,81,0,0,27035,MN
2,2021-01-21 00:00:00,0,0,65,0,0,27035,MN
3,2021-01-28 00:00:00,0,0,39,0,1,27035,MN
4,2021-02-04 00:00:00,0,0,61,0,0,27035,MN
5,2021-02-11 00:00:00,0,0,43,0,1,27035,MN
6,2021-02-18 00:00:00,0,0,33,0,0,27035,MN
7,2021-02-25 00:00:00,0,0,39,0,0,27035,MN
8,2021-03-04 00:00:00,0,0,36,0,0,27035,MN
9,2021-03-11 00:00:00,0,0,43,0,0,27035,MN
10,2021-03-18 00:00:00,0,0,52,0,1,27035,MN
11,2021-03-25 00:00:00,0,0,0,0,0,27035,MN
0,2021-01-07 00:00:00,3,73,527,38,100,27037,MN
1,2021-01-14 00:00:00,1,58,422,25,80,27037,MN
2,2021-01-21 00:00:00,2,62,354,24,62,27037,MN
3,2021-01-28 00:00:00,1,44,370,11,72,27037,MN
4,2021-02-04 00:00:00,1,34,335,22,61,27037,MN
5,2021-02-11 00:00:00,1,33,303,18,36,27037,MN
6,2021-02-18 00:00:00,0,29,281,26,38,27037,MN
7,2021-02-25 00:00:00,0,32,320,27,54,27037,MN
8,2021-03-04 00:00:00,1,31,336,28,42,27037,MN
9,2021-03-11 00:00:00,0,31,394,15,33,27037,MN
10,2021-03-18 00:00:00,1,26,395,13,27,27037,MN
11,2021-03-25 00:00:00,0,0,0,0,0,27037,MN
0,2021-01-07 00:00:00,0,0,42,0,9,27039,MN
1,2021-01-14 00:00:00,0,0,31,0,10,27039,MN
2,2021-01-21 00:00:00,0,0,35,0,3,27039,MN
3,2021-01-28 00:00:00,0,0,33,0,0,27039,MN
4,2021-02-04 00:00:00,0,0,25,0,1,27039,MN
5,2021-02-11 00:00:00,0,0,21,0,0,27039,MN
6,2021-02-18 00:00:00,0,0,13,0,0,27039,MN
7,2021-02-25 00:00:00,0,0,8,0,0,27039,MN
8,2021-03-04 00:00:00,0,0,25,0,0,27039,MN
9,2021-03-11 00:00:00,0,0,19,0,0,27039,MN
10,2021-03-18 00:00:00,0,0,9,0,0,27039,MN
11,2021-03-25 00:00:00,0,0,0,0,0,27039,MN
0,2021-01-07 00:00:00,0,0,43,0,5,27043,MN
1,2021-01-14 00:00:00,0,0,21,0,2,27043,MN
2,2021-01-21 00:00:00,0,0,27,0,6,27043,MN
3,2021-01-28 00:00:00,0,0,18,0,4,27043,MN
4,2021-02-04 00:00:00,0,0,17,0,0,27043,MN
5,2021-02-11 00:00:00,0,0,20,0,1,27043,MN
6,2021-02-18 00:00:00,0,0,20,0,1,27043,MN
7,2021-02-25 00:00:00,0,0,21,0,0,27043,MN
8,2021-03-04 00:00:00,0,0,20,0,0,27043,MN
9,2021-03-11 00:00:00,0,0,29,0,1,27043,MN
10,2021-03-18 00:00:00,0,0,27,0,2,27043,MN
11,2021-03-25 00:00:00,0,0,0,0,0,27043,MN
0,2021-01-07 00:00:00,0,0,28,0,0,27045,MN
1,2021-01-14 00:00:00,0,0,50,0,0,27045,MN
2,2021-01-21 00:00:00,0,0,35,0,0,27045,MN
3,2021-01-28 00:00:00,0,0,26,0,0,27045,MN
4,2021-02-04 00:00:00,0,0,19,0,0,27045,MN
5,2021-02-11 00:00:00,0,0,17,0,0,27045,MN
6,2021-02-18 00:00:00,0,0,10,0,0,27045,MN
7,2021-02-25 00:00:00,0,0,10,0,0,27045,MN
8,2021-03-04 00:00:00,0,0,25,0,0,27045,MN
9,2021-03-11 00:00:00,0,0,18,0,0,27045,MN
10,2021-03-18 00:00:00,0,0,16,0,0,27045,MN
11,2021-03-25 00:00:00,0,0,0,0,0,27045,MN
0,2021-01-07 00:00:00,0,1,109,2,17,27047,MN
1,2021-01-14 00:00:00,0,0,87,5,30,27047,MN
2,2021-01-21 00:00:00,0,0,73,0,8,27047,MN
3,2021-01-28 00:00:00,0,1,39,0,10,27047,MN
4,2021-02-04 00:00:00,0,0,59,0,3,27047,MN
5,2021-02-11 00:00:00,0,0,26,0,3,27047,MN
6,2021-02-18 00:00:00,0,0,29,0,5,27047,MN
7,2021-02-25 00:00:00,0,0,32,0,3,27047,MN
8,2021-03-04 00:00:00,0,0,57,0,4,27047,MN
9,2021-03-11 00:00:00,0,0,54,1,6,27047,MN
10,2021-03-18 00:00:00,0,0,32,0,1,27047,MN
11,2021-03-25 00:00:00,0,0,0,0,0,27047,MN
0,2021-01-07 00:00:00,1,1,115,1,2,27049,MN
1,2021-01-14 00:00:00,0,1,92,0,4,27049,MN
2,2021-01-21 00:00:00,0,0,80,0,3,27049,MN
3,2021-01-28 00:00:00,1,1,67,0,3,27049,MN
4,2021-02-04 00:00:00,0,0,47,0,0,27049,MN
5,2021-02-11 00:00:00,0,0,39,0,0,27049,MN
6,2021-02-18 00:00:00,0,0,24,0,0,27049,MN
7,2021-02-25 00:00:00,0,0,31,0,1,27049,MN
8,2021-03-04 00:00:00,0,0,31,0,2,27049,MN
9,2021-03-11 00:00:00,0,0,62,0,1,27049,MN
10,2021-03-18 00:00:00,0,2,49,0,1,27049,MN
11,2021-03-25 00:00:00,0,0,0,0,0,27049,MN
0,2021-01-07 00:00:00,22,260,1097,187,189,27053,MN
1,2021-01-14 00:00:00,9,232,823,127,122,27053,MN
2,2021-01-21 00:00:00,6,200,736,82,132,27053,MN
3,2021-01-28 00:00:00,4,174,700,78,115,27053,MN
4,2021-02-04 00:00:00,10,142,693,68,93,27053,MN
5,2021-02-11 00:00:00,9,110,634,52,71,27053,MN
6,2021-02-18 00:00:00,6,123,557,60,59,27053,MN
7,2021-02-25 00:00:00,5,89,635,73,91,27053,MN
8,2021-03-04 00:00:00,6,114,652,64,67,27053,MN
9,2021-03-11 00:00:00,12,122,837,54,70,27053,MN
10,2021-03-18 00:00:00,7,153,809,38,72,27053,MN
11,2021-03-25 00:00:00,0,0,0,0,0,27053,MN
0,2021-01-07 00:00:00,0,0,69,0,0,27055,MN
1,2021-01-14 00:00:00,0,0,38,0,0,27055,MN
2,2021-01-21 00:00:00,0,0,34,0,0,27055,MN
3,2021-01-28 00:00:00,0,0,38,0,0,27055,MN
4,2021-02-04 00:00:00,0,0,43,0,0,27055,MN
5,2021-02-11 00:00:00,0,0,17,0,0,27055,MN
6,2021-02-18 00:00:00,0,0,9,0,0,27055,MN
7,2021-02-25 00:00:00,0,0,11,0,0,27055,MN
8,2021-03-04 00:00:00,0,0,9,0,0,27055,MN
9,2021-03-11 00:00:00,0,0,9,0,0,27055,MN
10,2021-03-18 00:00:00,0,0,7,0,0,27055,MN
11,2021-03-25 00:00:00,0,0,0,0,0,27055,MN
0,2021-01-07 00:00:00,0,0,44,0,0,27059,MN
1,2021-01-14 00:00:00,0,0,33,1,0,27059,MN
2,2021-01-21 00:00:00,0,0,28,0,0,27059,MN
3,2021-01-28 00:00:00,0,0,31,0,1,27059,MN
4,2021-02-04 00:00:00,0,0,43,0,0,27059,MN
5,2021-02-11 00:00:00,0,0,31,0,0,27059,MN
6,2021-02-18 00:00:00,0,0,23,0,0,27059,MN
7,2021-02-25 00:00:00,0,0,14,1,0,27059,MN
8,2021-03-04 00:00:00,0,0,36,0,0,27059,MN
9,2021-03-11 00:00:00,0,0,30,1,0,27059,MN
10,2021-03-18 00:00:00,0,0,31,0,0,27059,MN
11,2021-03-25 00:00:00,0,0,0,0,0,27059,MN
0,2021-01-07 00:00:00,9,0,33,0,0,27061,MN
1,2021-01-14 00:00:00,6,0,27,0,0,27061,MN
2,2021-01-21 00:00:00,1,0,23,0,0,27061,MN
3,2021-01-28 00:00:00,2,0,31,0,0,27061,MN
4,2021-02-04 00:00:00,0,0,37,0,0,27061,MN
5,2021-02-11 00:00:00,0,0,44,0,0,27061,MN
6,2021-02-18 00:00:00,0,0,42,0,0,27061,MN
7,2021-02-25 00:00:00,0,0,33,0,0,27061,MN
8,2021-03-04 00:00:00,2,0,22,0,0,27061,MN
9,2021-03-11 00:00:00,2,0,40,0,0,27061,MN
10,2021-03-18 00:00:00,1,0,58,0,0,27061,MN
11,2021-03-25 00:00:00,0,0,0,0,0,27061,MN
0,2021-01-07 00:00:00,0,0,11,0,0,27065,MN
1,2021-01-14 00:00:00,0,0,16,0,0,27065,MN
2,2021-01-21 00:00:00,0,0,17,0,0,27065,MN
3,2021-01-28 00:00:00,0,0,20,0,0,27065,MN
4,2021-02-04 00:00:00,0,0,14,0,0,27065,MN
5,2021-02-11 00:00:00,0,0,10,0,0,27065,MN
6,2021-02-18 00:00:00,0,0,11,0,0,27065,MN
7,2021-02-25 00:00:00,0,0,10,0,0,27065,MN
8,2021-03-04 00:00:00,0,0,15,0,0,27065,MN
9,2021-03-11 00:00:00,0,0,24,0,0,27065,MN
10,2021-03-18 00:00:00,0,0,22,0,0,27065,MN
11,2021-03-25 00:00:00,0,0,0,0,0,27065,MN
0,2021-01-07 00:00:00,0,0,19,0,0,27075,MN
1,2021-01-14 00:00:00,0,0,33,0,0,27075,MN
2,2021-01-21 00:00:00,0,0,24,0,0,27075,MN
3,2021-01-28 00:00:00,0,0,9,0,0,27075,MN
4,2021-02-04 00:00:00,0,0,11,0,0,27075,MN
5,2021-02-11 00:00:00,0,0,9,0,0,27075,MN
6,2021-02-18 00:00:00,0,0,22,0,0,27075,MN
7,2021-02-25 00:00:00,0,0,14,0,0,27075,MN
8,2021-03-04 00:00:00,0,0,6,0,0,27075,MN
9,2021-03-11 00:00:00,0,0,3,0,0,27075,MN
10,2021-03-18 00:00:00,0,0,3,0,0,27075,MN
11,2021-03-25 00:00:00,0,0,0,0,0,27075,MN
0,2021-01-07 00:00:00,0,0,40,0,3,27083,MN
1,2021-01-14 00:00:00,0,0,37,1,1,27083,MN
2,2021-01-21 00:00:00,0,0,22,0,2,27083,MN
3,2021-01-28 00:00:00,0,0,10,0,1,27083,MN
4,2021-02-04 00:00:00,0,0,8,0,0,27083,MN
5,2021-02-11 00:00:00,0,0,6,0,0,27083,MN
6,2021-02-18 00:00:00,0,0,5,0,0,27083,MN
7,2021-02-25 00:00:00,0,0,13,0,0,27083,MN
8,2021-03-04 00:00:00,0,0,11,0,0,27083,MN
9,2021-03-11 00:00:00,0,0,18,0,0,27083,MN
10,2021-03-18 00:00:00,0,3,38,0,0,27083,MN
11,2021-03-25 00:00:00,0,0,0,0,0,27083,MN
0,2021-01-07 00:00:00,0,0,46,0,6,27085,MN
1,2021-01-14 00:00:00,0,0,29,0,5,27085,MN
2,2021-01-21 00:00:00,0,0,22,0,3,27085,MN
3,2021-01-28 00:00:00,0,0,14,0,7,27085,MN
4,2021-02-04 00:00:00,0,0,10,0,0,27085,MN
5,2021-02-11 00:00:00,0,0,12,0,1,27085,MN
6,2021-02-18 00:00:00,0,0,17,0,1,27085,MN
7,2021-02-25 00:00:00,0,0,19,0,2,27085,MN
8,2021-03-04 00:00:00,0,0,26,0,2,27085,MN
9,2021-03-11 00:00:00,0,0,34,0,4,27085,MN
10,2021-03-18 00:00:00,0,0,36,0,4,27085,MN
11,2021-03-25 00:00:00,0,0,0,0,0,27085,MN
0,2021-01-07 00:00:00,0,0,7,0,0,27089,MN
1,2021-01-14 00:00:00,0,0,5,0,0,27089,MN
2,2021-01-21 00:00:00,0,0,2,0,0,27089,MN
3,2021-01-28 00:00:00,0,0,4,0,0,27089,MN
4,2021-02-04 00:00:00,0,0,13,0,0,27089,MN
5,2021-02-11 00:00:00,0,0,20,0,0,27089,MN
6,2021-02-18 00:00:00,0,0,14,0,0,27089,MN
7,2021-02-25 00:00:00,0,0,9,0,0,27089,MN
8,2021-03-04 00:00:00,0,0,7,0,0,27089,MN
9,2021-03-11 00:00:00,0,0,9,0,0,27089,MN
10,2021-03-18 00:00:00,0,0,8,0,0,27089,MN
11,2021-03-25 00:00:00,0,0,0,0,0,27089,MN
0,2021-01-07 00:00:00,0,0,37,0,0,27091,MN
1,2021-01-14 00:00:00,0,0,33,0,1,27091,MN
2,2021-01-21 00:00:00,0,0,23,0,0,27091,MN
3,2021-01-28 00:00:00,0,0,17,0,1,27091,MN
4,2021-02-04 00:00:00,0,0,22,0,3,27091,MN
5,2021-02-11 00:00:00,0,0,31,0,3,27091,MN
6,2021-02-18 00:00:00,0,0,26,0,2,27091,MN
7,2021-02-25 00:00:00,0,0,20,0,0,27091,MN
8,2021-03-04 00:00:00,0,0,16,0,0,27091,MN
9,2021-03-11 00:00:00,0,0,23,0,0,27091,MN
10,2021-03-18 00:00:00,0,0,30,0,0,27091,MN
11,2021-03-25 00:00:00,0,0,0,0,0,27091,MN
0,2021-01-07 00:00:00,0,0,56,0,0,27097,MN
1,2021-01-14 00:00:00,0,0,38,0,0,27097,MN
2,2021-01-21 00:00:00,0,0,25,0,0,27097,MN
3,2021-01-28 00:00:00,0,0,10,0,0,27097,MN
4,2021-02-04 00:00:00,0,0,16,0,0,27097,MN
5,2021-02-11 00:00:00,0,0,10,0,0,27097,MN
6,2021-02-18 00:00:00,0,0,13,0,0,27097,MN
7,2021-02-25 00:00:00,0,0,20,0,0,27097,MN
8,2021-03-04 00:00:00,0,0,44,0,0,27097,MN
9,2021-03-11 00:00:00,0,0,72,0,0,27097,MN
10,2021-03-18 00:00:00,0,0,72,0,0,27097,MN
11,2021-03-25 00:00:00,0,0,0,0,0,27097,MN
0,2021-01-07 00:00:00,0,6,70,2,14,27099,MN
1,2021-01-14 00:00:00,0,4,73,2,24,27099,MN
2,2021-01-21 00:00:00,0,8,64,0,11,27099,MN
3,2021-01-28 00:00:00,0,5,47,1,12,27099,MN
4,2021-02-04 00:00:00,0,1,53,2,6,27099,MN
5,2021-02-11 00:00:00,0,1,23,1,3,27099,MN
6,2021-02-18 00:00:00,0,1,32,0,8,27099,MN
7,2021-02-25 00:00:00,0,0,39,0,2,27099,MN
8,2021-03-04 00:00:00,0,3,72,3,3,27099,MN
9,2021-03-11 00:00:00,0,0,54,1,11,27099,MN
10,2021-03-18 00:00:00,0,2,40,0,3,27099,MN
11,2021-03-25 00:00:00,0,0,0,0,0,27099,MN
0,2021-01-07 00:00:00,0,5,49,0,7,27103,MN
1,2021-01-14 00:00:00,0,0,34,0,3,27103,MN
2,2021-01-21 00:00:00,0,1,32,0,0,27103,MN
3,2021-01-28 00:00:00,0,0,37,0,0,27103,MN
4,2021-02-04 00:00:00,0,1,29,0,0,27103,MN
5,2021-02-11 00:00:00,0,0,62,0,4,27103,MN
6,2021-02-18 00:00:00,0,0,36,0,2,27103,MN
7,2021-02-25 00:00:00,0,1,54,0,2,27103,MN
8,2021-03-04 00:00:00,0,0,53,0,0,27103,MN
9,2021-03-11 00:00:00,0,0,51,0,2,27103,MN
10,2021-03-18 00:00:00,0,0,34,0,1,27103,MN
11,2021-03-25 00:00:00,0,0,0,0,0,27103,MN
0,2021-01-07 00:00:00,0,1,21,1,12,27105,MN
1,2021-01-14 00:00:00,0,0,33,1,17,27105,MN
2,2021-01-21 00:00:00,0,0,29,0,8,27105,MN
3,2021-01-28 00:00:00,0,1,9,1,6,27105,MN
4,2021-02-04 00:00:00,0,1,7,0,3,27105,MN
5,2021-02-11 00:00:00,0,0,11,0,10,27105,MN
6,2021-02-18 00:00:00,0,0,18,1,4,27105,MN
7,2021-02-25 00:00:00,0,0,10,0,1,27105,MN
8,2021-03-04 00:00:00,0,0,5,0,0,27105,MN
9,2021-03-11 00:00:00,0,0,9,0,1,27105,MN
10,2021-03-18 00:00:00,0,0,5,0,2,27105,MN
11,2021-03-25 00:00:00,0,0,0,0,0,27105,MN
0,2021-01-07 00:00:00,0,29,197,14,32,27109,MN
1,2021-01-14 00:00:00,0,31,203,15,29,27109,MN
2,2021-01-21 00:00:00,0,19,213,19,32,27109,MN
3,2021-01-28 00:00:00,0,6,154,14,12,27109,MN
4,2021-02-04 00:00:00,0,4,166,12,14,27109,MN
5,2021-02-11 00:00:00,0,5,121,7,12,27109,MN
6,2021-02-18 00:00:00,0,5,96,12,20,27109,MN
7,2021-02-25 00:00:00,0,5,70,1,1,27109,MN
8,2021-03-04 00:00:00,0,2,76,1,4,27109,MN
9,2021-03-11 00:00:00,0,3,95,3,3,27109,MN
10,2021-03-18 00:00:00,0,6,65,4,5,27109,MN
11,2021-03-25 00:00:00,0,0,0,0,0,27109,MN
0,2021-01-07 00:00:00,3,99,373,139,80,27123,MN
1,2021-01-14 00:00:00,2,91,324,152,47,27123,MN
2,2021-01-21 00:00:00,4,85,323,99,64,27123,MN
3,2021-01-28 00:00:00,2,52,284,52,26,27123,MN
4,2021-02-04 00:00:00,2,45,223,69,32,27123,MN
5,2021-02-11 00:00:00,1,48,180,66,35,27123,MN
6,2021-02-18 00:00:00,2,31,208,66,32,27123,MN
7,2021-02-25 00:00:00,1,26,140,70,40,27123,MN
8,2021-03-04 00:00:00,3,40,161,52,28,27123,MN
9,2021-03-11 00:00:00,1,38,164,46,30,27123,MN
10,2021-03-18 00:00:00,0,43,159,45,31,27123,MN
11,2021-03-25 00:00:00,0,0,0,0,0,27123,MN
0,2021-01-07 00:00:00,0,0,14,0,0,27135,MN
1,2021-01-14 00:00:00,0,0,12,0,0,27135,MN
2,2021-01-21 00:00:00,0,0,9,0,0,27135,MN
3,2021-01-28 00:00:00,0,0,2,0,0,27135,MN
4,2021-02-04 00:00:00,0,0,14,0,0,27135,MN
5,2021-02-11 00:00:00,0,0,44,0,0,27135,MN
6,2021-02-18 00:00:00,0,0,33,2,0,27135,MN
7,2021-02-25 00:00:00,0,0,15,0,0,27135,MN
8,2021-03-04 00:00:00,0,0,9,0,0,27135,MN
9,2021-03-11 00:00:00,0,0,14,0,0,27135,MN
10,2021-03-18 00:00:00,0,0,11,0,0,27135,MN
11,2021-03-25 00:00:00,0,0,0,0,0,27135,MN
0,2021-01-07 00:00:00,5,11,249,2,6,27137,MN
1,2021-01-14 00:00:00,6,7,226,3,7,27137,MN
2,2021-01-21 00:00:00,4,3,235,2,5,27137,MN
3,2021-01-28 00:00:00,2,1,145,2,3,27137,MN
4,2021-02-04 00:00:00,1,1,113,0,0,27137,MN
5,2021-02-11 00:00:00,1,1,91,2,4,27137,MN
6,2021-02-18 00:00:00,2,0,74,0,0,27137,MN
7,2021-02-25 00:00:00,2,1,124,0,1,27137,MN
8,2021-03-04 00:00:00,3,0,121,0,1,27137,MN
9,2021-03-11 00:00:00,2,0,123,1,3,27137,MN
10,2021-03-18 00:00:00,0,2,114,1,5,27137,MN
11,2021-03-25 00:00:00,0,0,0,0,0,27137,MN
0,2021-01-07 00:00:00,1,6,183,22,17,27139,MN
1,2021-01-14 00:00:00,0,10,137,18,21,27139,MN
2,2021-01-21 00:00:00,0,8,157,7,15,27139,MN
3,2021-01-28 00:00:00,1,13,126,6,12,27139,MN
4,2021-02-04 00:00:00,0,6,106,8,14,27139,MN
5,2021-02-11 00:00:00,0,8,127,7,8,27139,MN
6,2021-02-18 00:00:00,2,4,140,22,10,27139,MN
7,2021-02-25 00:00:00,1,4,113,11,13,27139,MN
8,2021-03-04 00:00:00,1,2,143,4,12,27139,MN
9,2021-03-11 00:00:00,0,8,220,7,21,27139,MN
10,2021-03-18 00:00:00,1,14,186,20,18,27139,MN
11,2021-03-25 00:00:00,0,0,0,0,0,27139,MN
0,2021-01-07 00:00:00,5,12,105,1,2,27141,MN
1,2021-01-14 00:00:00,3,19,83,0,1,27141,MN
2,2021-01-21 00:00:00,0,3,74,2,1,27141,MN
3,2021-01-28 00:00:00,0,6,65,2,3,27141,MN
4,2021-02-04 00:00:00,0,2,70,1,0,27141,MN
5,2021-02-11 00:00:00,0,0,54,1,0,27141,MN
6,2021-02-18 00:00:00,0,1,52,0,4,27141,MN
7,2021-02-25 00:00:00,0,0,46,0,1,27141,MN
8,2021-03-04 00:00:00,0,0,64,0,2,27141,MN
9,2021-03-11 00:00:00,0,6,130,0,5,27141,MN
10,2021-03-18 00:00:00,0,8,126,1,11,27141,MN
11,2021-03-25 00:00:00,0,0,0,0,0,27141,MN
0,2021-01-07 00:00:00,0,6,38,0,8,27147,MN
1,2021-01-14 00:00:00,0,13,51,0,13,27147,MN
2,2021-01-21 00:00:00,0,0,32,0,9,27147,MN
3,2021-01-28 00:00:00,0,0,31,0,5,27147,MN
4,2021-02-04 00:00:00,0,0,45,0,7,27147,MN
5,2021-02-11 00:00:00,0,0,28,0,1,27147,MN
6,2021-02-18 00:00:00,0,0,18,0,1,27147,MN
7,2021-02-25 00:00:00,0,0,21,0,0,27147,MN
8,2021-03-04 00:00:00,0,1,35,0,5,27147,MN
9,2021-03-11 00:00:00,0,3,83,0,3,27147,MN
10,2021-03-18 00:00:00,0,0,60,0,2,27147,MN
11,2021-03-25 00:00:00,0,0,0,0,0,27147,MN
0,2021-01-07 00:00:00,0,0,65,0,0,27157,MN
1,2021-01-14 00:00:00,0,0,47,0,0,27157,MN
2,2021-01-21 00:00:00,0,0,44,0,0,27157,MN
3,2021-01-28 00:00:00,0,0,28,0,1,27157,MN
4,2021-02-04 00:00:00,0,0,33,0,0,27157,MN
5,2021-02-11 00:00:00,0,0,16,0,0,27157,MN
6,2021-02-18 00:00:00,0,0,10,0,0,27157,MN
7,2021-02-25 00:00:00,0,0,6,0,0,27157,MN
8,2021-03-04 00:00:00,0,0,13,0,2,27157,MN
9,2021-03-11 00:00:00,0,0,21,0,0,27157,MN
10,2021-03-18 00:00:00,0,0,13,0,0,27157,MN
11,2021-03-25 00:00:00,0,0,0,0,0,27157,MN
0,2021-01-07 00:00:00,1,17,338,36,22,27163,MN
1,2021-01-14 00:00:00,0,20,302,22,17,27163,MN
2,2021-01-21 00:00:00,1,16,253,21,23,27163,MN
3,2021-01-28 00:00:00,1,21,200,17,12,27163,MN
4,2021-02-04 00:00:00,1,5,185,14,15,27163,MN
5,2021-02-11 00:00:00,0,15,180,10,13,27163,MN
6,2021-02-18 00:00:00,1,5,153,12,11,27163,MN
7,2021-02-25 00:00:00,0,7,157,13,12,27163,MN
8,2021-03-04 00:00:00,0,4,156,5,12,27163,MN
9,2021-03-11 00:00:00,0,6,136,6,8,27163,MN
10,2021-03-18 00:00:00,0,7,168,7,8,27163,MN
11,2021-03-25 00:00:00,0,0,0,0,0,27163,MN
0,2021-01-07 00:00:00,0,1,76,1,8,27169,MN
1,2021-01-14 00:00:00,0,1,75,2,2,27169,MN
2,2021-01-21 00:00:00,0,0,52,1,3,27169,MN
3,2021-01-28 00:00:00,0,0,56,0,1,27169,MN
4,2021-02-04 00:00:00,0,0,39,0,2,27169,MN
5,2021-02-11 00:00:00,0,1,27,0,0,27169,MN
6,2021-02-18 00:00:00,0,0,26,0,0,27169,MN
7,2021-02-25 00:00:00,0,0,33,0,0,27169,MN
8,2021-03-04 00:00:00,0,0,21,0,1,27169,MN
9,2021-03-11 00:00:00,0,0,16,0,1,27169,MN
10,2021-03-18 00:00:00,0,0,11,1,0,27169,MN
11,2021-03-25 00:00:00,0,0,0,0,0,27169,MN
0,2021-01-07 00:00:00,0,4,207,4,8,27171,MN
1,2021-01-14 00:00:00,0,2,134,1,6,27171,MN
2,2021-01-21 00:00:00,0,6,136,0,9,27171,MN
3,2021-01-28 00:00:00,0,5,123,0,2,27171,MN
4,2021-02-04 00:00:00,0,0,120,0,3,27171,MN
5,2021-02-11 00:00:00,0,2,90,2,3,27171,MN
6,2021-02-18 00:00:00,0,2,79,2,8,27171,MN
7,2021-02-25 00:00:00,0,1,91,0,7,27171,MN
8,2021-03-04 00:00:00,0,4,107,1,1,27171,MN
9,2021-03-11 00:00:00,0,1,138,2,1,27171,MN
10,2021-03-18 00:00:00,0,0,168,3,2,27171,MN
11,2021-03-25 00:00:00,0,0,0,0,0,27171,MN
0,2021-01-07 00:00:00,0,0,15,0,0,30009,MT
1,2021-01-14 00:00:00,0,0,21,0,0,30009,MT
2,2021-01-21 00:00:00,0,0,15,0,0,30009,MT
3,2021-01-28 00:00:00,0,0,8,0,0,30009,MT
4,2021-02-04 00:00:00,0,0,11,0,0,30009,MT
5,2021-02-11 00:00:00,0,0,14,0,0,30009,MT
6,2021-02-18 00:00:00,0,0,12,0,0,30009,MT
7,2021-02-25 00:00:00,0,0,5,0,0,30009,MT
8,2021-03-04 00:00:00,0,0,4,0,0,30009,MT
9,2021-03-11 00:00:00,0,0,3,0,0,30009,MT
10,2021-03-18 00:00:00,0,0,4,0,0,30009,MT
11,2021-03-25 00:00:00,0,0,0,0,0,30009,MT
0,2021-01-07 00:00:00,0,0,0,0,0,30025,MT
1,2021-01-14 00:00:00,0,0,0,0,0,30025,MT
2,2021-01-21 00:00:00,0,0,0,0,0,30025,MT
3,2021-01-28 00:00:00,0,0,0,0,0,30025,MT
4,2021-02-04 00:00:00,0,0,0,0,0,30025,MT
5,2021-02-11 00:00:00,0,0,2,0,0,30025,MT
6,2021-02-18 00:00:00,0,0,3,0,0,30025,MT
7,2021-02-25 00:00:00,0,0,0,0,0,30025,MT
8,2021-03-04 00:00:00,0,0,0,0,0,30025,MT
9,2021-03-11 00:00:00,0,0,0,0,0,30025,MT
10,2021-03-18 00:00:00,0,0,0,0,0,30025,MT
11,2021-03-25 00:00:00,0,0,0,0,0,30025,MT
0,2021-01-07 00:00:00,11,0,39,0,0,30047,MT
1,2021-01-14 00:00:00,17,0,16,0,1,30047,MT
2,2021-01-21 00:00:00,16,0,30,0,0,30047,MT
3,2021-01-28 00:00:00,6,0,13,0,0,30047,MT
4,2021-02-04 00:00:00,8,0,15,0,0,30047,MT
5,2021-02-11 00:00:00,3,0,8,0,1,30047,MT
6,2021-02-18 00:00:00,5,0,9,0,0,30047,MT
7,2021-02-25 00:00:00,3,0,17,0,1,30047,MT
8,2021-03-04 00:00:00,2,0,12,0,0,30047,MT
9,2021-03-11 00:00:00,3,0,6,0,0,30047,MT
10,2021-03-18 00:00:00,1,0,3,0,0,30047,MT
11,2021-03-25 00:00:00,0,0,0,0,0,30047,MT
0,2021-01-07 00:00:00,0,0,26,0,0,30057,MT
1,2021-01-14 00:00:00,0,0,42,0,0,30057,MT
2,2021-01-21 00:00:00,0,0,19,0,0,30057,MT
3,2021-01-28 00:00:00,0,0,5,0,0,30057,MT
4,2021-02-04 00:00:00,0,0,11,0,0,30057,MT
5,2021-02-11 00:00:00,0,0,7,0,0,30057,MT
6,2021-02-18 00:00:00,0,0,10,0,0,30057,MT
7,2021-02-25 00:00:00,0,0,9,0,0,30057,MT
8,2021-03-04 00:00:00,0,0,9,0,0,30057,MT
9,2021-03-11 00:00:00,0,0,3,0,0,30057,MT
10,2021-03-18 00:00:00,0,0,0,0,0,30057,MT
11,2021-03-25 00:00:00,0,0,0,0,0,30057,MT
0,2021-01-07 00:00:00,0,0,17,0,2,30083,MT
1,2021-01-14 00:00:00,0,0,14,0,4,30083,MT
2,2021-01-21 00:00:00,0,0,5,0,0,30083,MT
3,2021-01-28 00:00:00,0,0,11,0,0,30083,MT
4,2021-02-04 00:00:00,0,0,19,0,3,30083,MT
5,2021-02-11 00:00:00,0,0,15,0,0,30083,MT
6,2021-02-18 00:00:00,0,0,16,0,0,30083,MT
7,2021-02-25 00:00:00,0,0,9,0,1,30083,MT
8,2021-03-04 00:00:00,0,0,3,0,0,30083,MT
9,2021-03-11 00:00:00,0,0,3,0,0,30083,MT
10,2021-03-18 00:00:00,0,0,2,0,0,30083,MT
11,2021-03-25 00:00:00,0,0,0,0,0,30083,MT
0,2021-01-07 00:00:00,0,0,18,0,0,30089,MT
1,2021-01-14 00:00:00,0,0,17,0,0,30089,MT
2,2021-01-21 00:00:00,0,0,14,0,0,30089,MT
3,2021-01-28 00:00:00,0,0,4,0,0,30089,MT
4,2021-02-04 00:00:00,0,0,5,0,0,30089,MT
5,2021-02-11 00:00:00,0,0,2,0,0,30089,MT
6,2021-02-18 00:00:00,0,0,5,0,0,30089,MT
7,2021-02-25 00:00:00,0,0,7,0,0,30089,MT
8,2021-03-04 00:00:00,0,0,3,0,0,30089,MT
9,2021-03-11 00:00:00,0,0,2,0,0,30089,MT
10,2021-03-18 00:00:00,0,0,0,0,0,30089,MT
11,2021-03-25 00:00:00,0,0,0,0,0,30089,MT
0,2021-01-07 00:00:00,0,0,1,0,0,30091,MT
1,2021-01-14 00:00:00,0,0,6,0,0,30091,MT
2,2021-01-21 00:00:00,0,0,3,0,0,30091,MT
3,2021-01-28 00:00:00,0,0,4,0,0,30091,MT
4,2021-02-04 00:00:00,0,0,0,0,0,30091,MT
5,2021-02-11 00:00:00,0,0,0,0,0,30091,MT
6,2021-02-18 00:00:00,0,0,0,0,0,30091,MT
7,2021-02-25 00:00:00,0,0,4,0,0,30091,MT
8,2021-03-04 00:00:00,0,0,2,0,0,30091,MT
9,2021-03-11 00:00:00,0,0,11,0,0,30091,MT
10,2021-03-18 00:00:00,0,0,3,0,0,30091,MT
11,2021-03-25 00:00:00,0,0,0,0,0,30091,MT
0,2021-01-07 00:00:00,0,0,3,0,0,30097,MT
1,2021-01-14 00:00:00,0,0,3,0,0,30097,MT
2,2021-01-21 00:00:00,0,0,3,0,0,30097,MT
3,2021-01-28 00:00:00,0,0,2,0,0,30097,MT
4,2021-02-04 00:00:00,0,0,1,0,0,30097,MT
5,2021-02-11 00:00:00,0,0,7,0,0,30097,MT
6,2021-02-18 00:00:00,0,0,9,0,0,30097,MT
7,2021-02-25 00:00:00,0,0,7,0,0,30097,MT
8,2021-03-04 00:00:00,0,0,5,0,0,30097,MT
9,2021-03-11 00:00:00,0,0,5,0,0,30097,MT
10,2021-03-18 00:00:00,0,0,2,0,0,30097,MT
11,2021-03-25 00:00:00,0,0,0,0,0,30097,MT
0,2021-01-07 00:00:00,0,0,13,0,0,30099,MT
1,2021-01-14 00:00:00,0,0,19,0,0,30099,MT
2,2021-01-21 00:00:00,0,0,18,0,0,30099,MT
3,2021-01-28 00:00:00,0,0,20,0,0,30099,MT
4,2021-02-04 00:00:00,0,0,4,0,0,30099,MT
5,2021-02-11 00:00:00,0,0,12,0,0,30099,MT
6,2021-02-18 00:00:00,0,0,2,0,0,30099,MT
7,2021-02-25 00:00:00,0,0,2,0,0,30099,MT
8,2021-03-04 00:00:00,0,0,2,0,0,30099,MT
9,2021-03-11 00:00:00,0,0,1,0,0,30099,MT
10,2021-03-18 00:00:00,0,0,3,0,0,30099,MT
11,2021-03-25 00:00:00,0,0,0,0,0,30099,MT
0,2021-01-07 00:00:00,3,13,481,48,226,32031,NV
1,2021-01-14 00:00:00,9,9,427,42,235,32031,NV
2,2021-01-21 00:00:00,6,14,340,43,242,32031,NV
3,2021-01-28 00:00:00,1,13,324,37,193,32031,NV
4,2021-02-04 00:00:00,4,8,250,16,134,32031,NV
5,2021-02-11 00:00:00,2,1,123,15,88,32031,NV
6,2021-02-18 00:00:00,1,3,125,12,85,32031,NV
7,2021-02-25 00:00:00,1,3,119,7,72,32031,NV
8,2021-03-04 00:00:00,1,7,82,11,72,32031,NV
9,2021-03-11 00:00:00,0,6,115,11,79,32031,NV
10,2021-03-18 00:00:00,0,2,87,6,30,32031,NV
11,2021-03-25 00:00:00,0,0,0,0,0,32031,NV
0,2021-01-07 00:00:00,0,8,459,2,28,34037,NJ
1,2021-01-14 00:00:00,0,11,533,11,52,34037,NJ
2,2021-01-21 00:00:00,0,8,450,5,45,34037,NJ
3,2021-01-28 00:00:00,0,6,342,5,47,34037,NJ
4,2021-02-04 00:00:00,0,4,243,2,35,34037,NJ
5,2021-02-11 00:00:00,0,4,236,2,32,34037,NJ
6,2021-02-18 00:00:00,0,8,192,5,22,34037,NJ
7,2021-02-25 00:00:00,0,7,196,4,35,34037,NJ
8,2021-03-04 00:00:00,0,6,263,3,32,34037,NJ
9,2021-03-11 00:00:00,0,5,343,5,49,34037,NJ
10,2021-03-18 00:00:00,0,7,264,3,32,34037,NJ
11,2021-03-25 00:00:00,0,0,0,0,0,34037,NJ
0,2021-01-07 00:00:00,0,48,155,0,44,37061,NC
1,2021-01-14 00:00:00,0,44,95,0,27,37061,NC
2,2021-01-21 00:00:00,0,21,70,0,28,37061,NC
3,2021-01-28 00:00:00,0,15,70,0,37,37061,NC
4,2021-02-04 00:00:00,0,21,63,0,16,37061,NC
5,2021-02-11 00:00:00,0,17,57,0,10,37061,NC
6,2021-02-18 00:00:00,0,8,35,0,19,37061,NC
7,2021-02-25 00:00:00,0,13,51,0,19,37061,NC
8,2021-03-04 00:00:00,0,18,35,0,13,37061,NC
9,2021-03-11 00:00:00,0,6,24,0,14,37061,NC
10,2021-03-18 00:00:00,0,14,6,0,10,37061,NC
11,2021-03-25 00:00:00,0,0,0,0,0,37061,NC
0,2021-01-07 00:00:00,16,50,55,0,0,37165,NC
1,2021-01-14 00:00:00,19,53,63,0,1,37165,NC
2,2021-01-21 00:00:00,11,43,41,0,1,37165,NC
3,2021-01-28 00:00:00,9,33,24,1,0,37165,NC
4,2021-02-04 00:00:00,5,27,20,0,0,37165,NC
5,2021-02-11 00:00:00,9,27,25,0,0,37165,NC
6,2021-02-18 00:00:00,11,36,22,0,0,37165,NC
7,2021-02-25 00:00:00,2,15,15,0,0,37165,NC
8,2021-03-04 00:00:00,2,9,7,0,0,37165,NC
9,2021-03-11 00:00:00,1,9,2,0,0,37165,NC
10,2021-03-18 00:00:00,0,3,7,0,1,37165,NC
11,2021-03-25 00:00:00,0,0,0,0,0,37165,NC
0,2021-01-07 00:00:00,0,13,187,0,8,39023,OH
1,2021-01-14 00:00:00,0,10,170,0,9,39023,OH
2,2021-01-21 00:00:00,0,11,126,0,5,39023,OH
3,2021-01-28 00:00:00,0,3,126,0,3,39023,OH
4,2021-02-04 00:00:00,0,5,109,0,3,39023,OH
5,2021-02-11 00:00:00,0,7,85,0,3,39023,OH
6,2021-02-18 00:00:00,0,7,76,0,3,39023,OH
7,2021-02-25 00:00:00,0,7,51,0,1,39023,OH
8,2021-03-04 00:00:00,0,6,65,0,2,39023,OH
9,2021-03-11 00:00:00,0,13,75,0,6,39023,OH
10,2021-03-18 00:00:00,0,9,77,0,0,39023,OH
11,2021-03-25 00:00:00,0,0,0,0,0,39023,OH
0,2021-01-07 00:00:00,0,2,102,0,6,39039,OH
1,2021-01-14 00:00:00,0,0,103,0,9,39039,OH
2,2021-01-21 00:00:00,0,1,87,0,3,39039,OH
3,2021-01-28 00:00:00,0,3,68,0,3,39039,OH
4,2021-02-04 00:00:00,0,2,46,0,4,39039,OH
5,2021-02-11 00:00:00,0,0,43,0,5,39039,OH
6,2021-02-18 00:00:00,0,0,48,0,2,39039,OH
7,2021-02-25 00:00:00,0,1,24,0,2,39039,OH
8,2021-03-04 00:00:00,0,0,27,0,1,39039,OH
9,2021-03-11 00:00:00,0,0,31,0,2,39039,OH
10,2021-03-18 00:00:00,0,0,23,0,2,39039,OH
11,2021-03-25 00:00:00,0,0,0,0,0,39039,OH
0,2021-01-07 00:00:00,0,0,88,0,0,39107,OH
1,2021-01-14 00:00:00,0,0,83,0,0,39107,OH
2,2021-01-21 00:00:00,0,0,52,0,0,39107,OH
3,2021-01-28 00:00:00,0,0,50,0,0,39107,OH
4,2021-02-04 00:00:00,0,0,33,0,1,39107,OH
5,2021-02-11 00:00:00,1,0,27,0,0,39107,OH
6,2021-02-18 00:00:00,0,0,17,0,0,39107,OH
7,2021-02-25 00:00:00,0,0,10,0,0,39107,OH
8,2021-03-04 00:00:00,0,0,14,0,0,39107,OH
9,2021-03-11 00:00:00,0,0,10,0,0,39107,OH
10,2021-03-18 00:00:00,0,0,9,0,0,39107,OH
11,2021-03-25 00:00:00,0,0,0,0,0,39107,OH
0,2021-01-07 00:00:00,0,155,638,13,20,39113,OH
1,2021-01-14 00:00:00,0,124,611,11,20,39113,OH
2,2021-01-21 00:00:00,0,97,506,16,32,39113,OH
3,2021-01-28 00:00:00,0,104,435,3,21,39113,OH
4,2021-02-04 00:00:00,0,86,368,3,15,39113,OH
5,2021-02-11 00:00:00,0,54,272,2,25,39113,OH
6,2021-02-18 00:00:00,0,40,195,5,10,39113,OH
7,2021-02-25 00:00:00,0,39,166,2,15,39113,OH
8,2021-03-04 00:00:00,0,40,146,5,14,39113,OH
9,2021-03-11 00:00:00,0,49,165,6,8,39113,OH
10,2021-03-18 00:00:00,1,33,144,2,7,39113,OH
11,2021-03-25 00:00:00,0,0,0,0,0,39113,OH
0,2021-01-07 00:00:00,0,0,47,0,8,39125,OH
1,2021-01-14 00:00:00,0,0,41,0,6,39125,OH
2,2021-01-21 00:00:00,0,0,22,0,3,39125,OH
3,2021-01-28 00:00:00,0,0,34,0,2,39125,OH
4,2021-02-04 00:00:00,0,0,23,0,3,39125,OH
5,2021-02-11 00:00:00,0,0,13,0,0,39125,OH
6,2021-02-18 00:00:00,0,0,17,0,0,39125,OH
7,2021-02-25 00:00:00,0,0,21,0,0,39125,OH
8,2021-03-04 00:00:00,0,0,12,0,1,39125,OH
9,2021-03-11 00:00:00,0,0,12,0,2,39125,OH
10,2021-03-18 00:00:00,0,0,10,0,0,39125,OH
11,2021-03-25 00:00:00,0,0,0,0,0,39125,OH
0,2021-01-07 00:00:00,0,0,55,0,0,39131,OH
1,2021-01-14 00:00:00,0,0,58,0,0,39131,OH
2,2021-01-21 00:00:00,0,0,81,0,0,39131,OH
3,2021-01-28 00:00:00,0,0,60,0,1,39131,OH
4,2021-02-04 00:00:00,0,0,51,0,0,39131,OH
5,2021-02-11 00:00:00,0,0,38,0,0,39131,OH
6,2021-02-18 00:00:00,0,0,20,0,0,39131,OH
7,2021-02-25 00:00:00,0,0,16,0,0,39131,OH
8,2021-03-04 00:00:00,0,0,19,0,0,39131,OH
9,2021-03-11 00:00:00,0,0,13,0,0,39131,OH
10,2021-03-18 00:00:00,0,0,9,0,0,39131,OH
11,2021-03-25 00:00:00,0,0,0,0,0,39131,OH
0,2021-01-07 00:00:00,0,0,33,0,0,39135,OH
1,2021-01-14 00:00:00,0,0,26,0,0,39135,OH
2,2021-01-21 00:00:00,0,0,22,0,0,39135,OH
3,2021-01-28 00:00:00,0,0,36,0,0,39135,OH
4,2021-02-04 00:00:00,0,0,34,0,0,39135,OH
5,2021-02-11 00:00:00,0,0,25,0,0,39135,OH
6,2021-02-18 00:00:00,0,0,20,0,0,39135,OH
7,2021-02-25 00:00:00,0,0,24,0,0,39135,OH
8,2021-03-04 00:00:00,0,0,8,0,0,39135,OH
9,2021-03-11 00:00:00,0,0,22,0,0,39135,OH
10,2021-03-18 00:00:00,0,0,11,0,0,39135,OH
11,2021-03-25 00:00:00,0,0,0,0,0,39135,OH
0,2021-01-07 00:00:00,0,0,33,0,6,40151,OK
1,2021-01-14 00:00:00,0,0,21,0,1,40151,OK
2,2021-01-21 00:00:00,0,1,21,0,1,40151,OK
3,2021-01-28 00:00:00,0,0,6,0,1,40151,OK
4,2021-02-04 00:00:00,0,0,15,0,3,40151,OK
5,2021-02-11 00:00:00,1,0,5,0,1,40151,OK
6,2021-02-18 00:00:00,0,0,4,0,0,40151,OK
7,2021-02-25 00:00:00,0,0,5,0,0,40151,OK
8,2021-03-04 00:00:00,0,0,1,0,0,40151,OK
9,2021-03-11 00:00:00,0,0,3,0,0,40151,OK
10,2021-03-18 00:00:00,0,0,1,0,0,40151,OK
11,2021-03-25 00:00:00,0,0,0,0,0,40151,OK
0,2021-01-07 00:00:00,342,0,1,0,0,46121,SD
1,2021-01-14 00:00:00,2,0,0,0,0,46121,SD
2,2021-01-21 00:00:00,2,0,0,0,0,46121,SD
3,2021-01-28 00:00:00,2,0,0,0,0,46121,SD
4,2021-02-04 00:00:00,0,0,0,0,0,46121,SD
5,2021-02-11 00:00:00,1,0,0,0,0,46121,SD
6,2021-02-18 00:00:00,0,0,0,0,0,46121,SD
7,2021-02-25 00:00:00,0,0,0,0,0,46121,SD
8,2021-03-04 00:00:00,0,0,0,0,0,46121,SD
9,2021-03-11 00:00:00,0,0,0,0,0,46121,SD
10,2021-03-18 00:00:00,0,0,0,0,0,46121,SD
11,2021-03-25 00:00:00,0,0,0,0,0,46121,SD
0,2021-01-07 00:00:00,0,0,271,0,6,47035,TN
1,2021-01-14 00:00:00,0,0,126,0,1,47035,TN
2,2021-01-21 00:00:00,0,0,94,1,2,47035,TN
3,2021-01-28 00:00:00,0,0,64,0,2,47035,TN
4,2021-02-04 00:00:00,0,0,45,0,2,47035,TN
5,2021-02-11 00:00:00,0,0,41,0,2,47035,TN
6,2021-02-18 00:00:00,0,0,25,0,1,47035,TN
7,2021-02-25 00:00:00,0,0,32,0,2,47035,TN
8,2021-03-04 00:00:00,0,0,20,1,1,47035,TN
9,2021-03-11 00:00:00,0,0,33,2,1,47035,TN
10,2021-03-18 00:00:00,0,0,42,0,0,47035,TN
11,2021-03-25 00:00:00,0,0,0,0,0,47035,TN
0,2021-01-07 00:00:00,0,0,69,0,11,47041,TN
1,2021-01-14 00:00:00,0,0,29,0,4,47041,TN
2,2021-01-21 00:00:00,0,0,30,0,4,47041,TN
3,2021-01-28 00:00:00,0,0,31,0,1,47041,TN
4,2021-02-04 00:00:00,0,0,29,0,0,47041,TN
5,2021-02-11 00:00:00,0,0,14,0,3,47041,TN
6,2021-02-18 00:00:00,0,0,8,0,0,47041,TN
7,2021-02-25 00:00:00,0,0,8,0,1,47041,TN
8,2021-03-04 00:00:00,0,0,17,0,4,47041,TN
9,2021-03-11 00:00:00,0,0,10,0,0,47041,TN
10,2021-03-18 00:00:00,0,0,6,0,2,47041,TN
11,2021-03-25 00:00:00,0,0,0,0,0,47041,TN
0,2021-01-07 00:00:00,0,3,249,3,20,47141,TN
1,2021-01-14 00:00:00,0,6,129,0,16,47141,TN
2,2021-01-21 00:00:00,0,7,114,1,18,47141,TN
3,2021-01-28 00:00:00,0,2,111,0,10,47141,TN
4,2021-02-04 00:00:00,0,1,88,0,8,47141,TN
5,2021-02-11 00:00:00,0,0,62,0,2,47141,TN
6,2021-02-18 00:00:00,0,1,23,0,4,47141,TN
7,2021-02-25 00:00:00,0,4,28,2,9,47141,TN
8,2021-03-04 00:00:00,0,1,35,3,0,47141,TN
9,2021-03-11 00:00:00,0,1,62,1,5,47141,TN
10,2021-03-18 00:00:00,0,0,51,1,2,47141,TN
11,2021-03-25 00:00:00,0,0,0,0,0,47141,TN
0,2021-01-07 00:00:00,0,4,137,0,22,47177,TN
1,2021-01-14 00:00:00,0,3,64,0,22,47177,TN
2,2021-01-21 00:00:00,0,2,73,0,10,47177,TN
3,2021-01-28 00:00:00,0,4,47,0,5,47177,TN
4,2021-02-04 00:00:00,0,1,38,0,5,47177,TN
5,2021-02-11 00:00:00,0,0,18,0,3,47177,TN
6,2021-02-18 00:00:00,0,0,8,0,1,47177,TN
7,2021-02-25 00:00:00,0,0,13,0,2,47177,TN
8,2021-03-04 00:00:00,0,0,18,0,6,47177,TN
9,2021-03-11 00:00:00,0,1,18,0,5,47177,TN
10,2021-03-18 00:00:00,0,1,9,0,2,47177,TN
11,2021-03-25 00:00:00,0,0,0,0,0,47177,TN
0,2021-01-07 00:00:00,0,0,68,0,0,47185,TN
1,2021-01-14 00:00:00,0,0,56,0,0,47185,TN
2,2021-01-21 00:00:00,0,0,47,0,0,47185,TN
3,2021-01-28 00:00:00,0,0,30,0,0,47185,TN
4,2021-02-04 00:00:00,0,0,25,0,0,47185,TN
5,2021-02-11 00:00:00,0,1,21,0,0,47185,TN
6,2021-02-18 00:00:00,0,0,13,0,0,47185,TN
7,2021-02-25 00:00:00,0,0,30,0,0,47185,TN
8,2021-03-04 00:00:00,0,0,24,0,0,47185,TN
9,2021-03-11 00:00:00,0,0,18,0,0,47185,TN
10,2021-03-18 00:00:00,0,0,14,0,0,47185,TN
11,2021-03-25 00:00:00,0,0,0,0,0,47185,TN
0,2021-01-07 00:00:00,29,13,1141,25,162,49011,UT
1,2021-01-14 00:00:00,23,9,909,15,133,49011,UT
2,2021-01-21 00:00:00,27,12,800,17,100,49011,UT
3,2021-01-28 00:00:00,10,10,673,13,87,49011,UT
4,2021-02-04 00:00:00,10,4,591,12,79,49011,UT
5,2021-02-11 00:00:00,9,14,448,6,65,49011,UT
6,2021-02-18 00:00:00,9,8,392,5,34,49011,UT
7,2021-02-25 00:00:00,5,5,296,4,32,49011,UT
8,2021-03-04 00:00:00,7,6,243,2,34,49011,UT
9,2021-03-11 00:00:00,1,2,290,0,19,49011,UT
10,2021-03-18 00:00:00,3,1,174,3,21,49011,UT
11,2021-03-25 00:00:00,0,0,0,0,0,49011,UT
0,2021-01-07 00:00:00,5,0,197,0,25,49021,UT
1,2021-01-14 00:00:00,4,2,193,0,19,49021,UT
2,2021-01-21 00:00:00,3,0,141,1,18,49021,UT
3,2021-01-28 00:00:00,4,2,133,1,19,49021,UT
4,2021-02-04 00:00:00,4,1,74,2,8,49021,UT
5,2021-02-11 00:00:00,3,0,74,0,5,49021,UT
6,2021-02-18 00:00:00,2,1,55,0,17,49021,UT
7,2021-02-25 00:00:00,0,1,53,0,5,49021,UT
8,2021-03-04 00:00:00,3,0,48,0,6,49021,UT
9,2021-03-11 00:00:00,2,0,40,0,6,49021,UT
10,2021-03-18 00:00:00,0,0,11,0,3,49021,UT
11,2021-03-25 00:00:00,0,0,0,0,0,49021,UT
0,2021-01-07 00:00:00,0,0,67,0,0,49023,UT
1,2021-01-14 00:00:00,0,0,53,0,0,49023,UT
2,2021-01-21 00:00:00,0,0,52,0,1,49023,UT
3,2021-01-28 00:00:00,0,0,25,0,1,49023,UT
4,2021-02-04 00:00:00,0,0,26,0,0,49023,UT
5,2021-02-11 00:00:00,0,0,15,0,0,49023,UT
6,2021-02-18 00:00:00,0,0,10,0,0,49023,UT
7,2021-02-25 00:00:00,0,0,8,0,0,49023,UT
8,2021-03-04 00:00:00,0,0,9,0,0,49023,UT
9,2021-03-11 00:00:00,0,0,10,0,0,49023,UT
10,2021-03-18 00:00:00,0,0,8,0,0,49023,UT
11,2021-03-25 00:00:00,0,0,0,0,0,49023,UT
0,2021-01-07 00:00:00,0,0,68,0,8,49027,UT
1,2021-01-14 00:00:00,0,0,42,0,4,49027,UT
2,2021-01-21 00:00:00,0,0,25,1,3,49027,UT
3,2021-01-28 00:00:00,0,0,17,0,1,49027,UT
4,2021-02-04 00:00:00,0,0,10,0,2,49027,UT
5,2021-02-11 00:00:00,0,0,7,0,2,49027,UT
6,2021-02-18 00:00:00,0,0,6,0,0,49027,UT
7,2021-02-25 00:00:00,0,0,1,0,0,49027,UT
8,2021-03-04 00:00:00,0,0,12,0,1,49027,UT
9,2021-03-11 00:00:00,0,0,5,0,0,49027,UT
10,2021-03-18 00:00:00,0,0,6,0,0,49027,UT
11,2021-03-25 00:00:00,0,0,0,0,0,49027,UT
0,2021-01-07 00:00:00,130,69,3114,104,1026,49035,UT
1,2021-01-14 00:00:00,144,74,2700,91,858,49035,UT
2,2021-01-21 00:00:00,88,70,2224,102,713,49035,UT
3,2021-01-28 00:00:00,100,46,1743,77,621,49035,UT
4,2021-02-04 00:00:00,83,28,1472,68,434,49035,UT
5,2021-02-11 00:00:00,68,33,1349,50,361,49035,UT
6,2021-02-18 00:00:00,32,15,984,44,267,49035,UT
7,2021-02-25 00:00:00,48,17,854,25,236,49035,UT
8,2021-03-04 00:00:00,29,16,800,22,181,49035,UT
9,2021-03-11 00:00:00,32,5,715,20,172,49035,UT
10,2021-03-18 00:00:00,22,12,496,27,154,49035,UT
11,2021-03-25 00:00:00,0,0,0,0,0,49035,UT
0,2021-01-07 00:00:00,2,0,85,0,10,49041,UT
1,2021-01-14 00:00:00,0,0,79,0,5,49041,UT
2,2021-01-21 00:00:00,0,0,71,0,2,49041,UT
3,2021-01-28 00:00:00,0,0,56,0,1,49041,UT
4,2021-02-04 00:00:00,0,0,37,0,1,49041,UT
5,2021-02-11 00:00:00,0,0,38,0,2,49041,UT
6,2021-02-18 00:00:00,1,0,33,0,4,49041,UT
7,2021-02-25 00:00:00,0,0,15,0,5,49041,UT
8,2021-03-04 00:00:00,0,0,33,0,2,49041,UT
9,2021-03-11 00:00:00,0,0,16,0,0,49041,UT
10,2021-03-18 00:00:00,1,0,15,0,1,49041,UT
11,2021-03-25 00:00:00,0,0,0,0,0,49041,UT
0,2021-01-07 00:00:00,0,0,123,1,27,49051,UT
1,2021-01-14 00:00:00,0,0,131,1,20,49051,UT
2,2021-01-21 00:00:00,0,0,103,3,30,49051,UT
3,2021-01-28 00:00:00,0,0,82,1,19,49051,UT
4,2021-02-04 00:00:00,0,0,49,0,14,49051,UT
5,2021-02-11 00:00:00,0,0,37,0,16,49051,UT
6,2021-02-18 00:00:00,0,0,38,0,9,49051,UT
7,2021-02-25 00:00:00,0,0,27,0,9,49051,UT
8,2021-03-04 00:00:00,0,0,28,0,2,49051,UT
9,2021-03-11 00:00:00,0,0,25,0,3,49051,UT
10,2021-03-18 00:00:00,0,0,14,0,4,49051,UT
11,2021-03-25 00:00:00,0,0,0,0,0,49051,UT
0,2021-01-07 00:00:00,18,8,857,9,272,49057,UT
1,2021-01-14 00:00:00,11,13,648,9,193,49057,UT
2,2021-01-21 00:00:00,8,12,513,8,165,49057,UT
3,2021-01-28 00:00:00,4,8,403,6,114,49057,UT
4,2021-02-04 00:00:00,7,1,249,3,86,49057,UT
5,2021-02-11 00:00:00,8,6,201,12,31,49057,UT
6,2021-02-18 00:00:00,3,5,183,2,38,49057,UT
7,2021-02-25 00:00:00,3,3,155,5,40,49057,UT
8,2021-03-04 00:00:00,9,4,137,1,25,49057,UT
9,2021-03-11 00:00:00,1,4,134,1,32,49057,UT
10,2021-03-18 00:00:00,1,2,109,0,29,49057,UT
11,2021-03-25 00:00:00,0,0,0,0,0,49057,UT
0,2021-01-07 00:00:00,0,22,59,0,31,51001,VA
1,2021-01-14 00:00:00,0,31,57,0,20,51001,VA
2,2021-01-21 00:00:00,0,18,39,0,19,51001,VA
3,2021-01-28 00:00:00,0,18,32,0,13,51001,VA
4,2021-02-04 00:00:00,0,16,17,0,8,51001,VA
5,2021-02-11 00:00:00,0,6,8,0,2,51001,VA
6,2021-02-18 00:00:00,0,0,0,0,0,51001,VA
7,2021-02-25 00:00:00,0,0,0,0,0,51001,VA
8,2021-03-04 00:00:00,0,0,0,0,0,51001,VA
9,2021-03-11 00:00:00,0,0,0,0,0,51001,VA
10,2021-03-18 00:00:00,0,0,0,0,0,51001,VA
11,2021-03-25 00:00:00,0,0,0,0,0,51001,VA
0,2021-01-07 00:00:00,0,11,8,0,8,51131,VA
1,2021-01-14 00:00:00,0,13,7,0,14,51131,VA
2,2021-01-21 00:00:00,0,12,4,0,5,51131,VA
3,2021-01-28 00:00:00,0,24,5,0,1,51131,VA
4,2021-02-04 00:00:00,0,9,6,0,0,51131,VA
5,2021-02-11 00:00:00,0,2,2,0,1,51131,VA
6,2021-02-18 00:00:00,0,0,0,0,0,51131,VA
7,2021-02-25 00:00:00,0,0,0,0,0,51131,VA
8,2021-03-04 00:00:00,0,0,0,0,0,51131,VA
9,2021-03-11 00:00:00,0,0,0,0,0,51131,VA
10,2021-03-18 00:00:00,0,0,0,0,0,51131,VA
11,2021-03-25 00:00:00,0,0,0,0,0,51131,VA
0,2021-01-07 00:00:00,0,0,0,0,0,54099,WV
1,2021-01-14 00:00:00,0,0,0,0,0,54099,WV
2,2021-01-21 00:00:00,0,0,0,0,0,54099,WV
3,2021-01-28 00:00:00,0,0,0,0,0,54099,WV
4,2021-02-04 00:00:00,0,0,0,0,0,54099,WV
5,2021-02-11 00:00:00,0,0,0,0,0,54099,WV
6,2021-02-18 00:00:00,0,0,0,0,0,54099,WV
7,2021-02-25 00:00:00,0,0,0,0,0,54099,WV
8,2021-03-04 00:00:00,0,0,0,0,0,54099,WV
9,2021-03-11 00:00:00,0,0,0,0,0,54099,WV
10,2021-03-18 00:00:00,0,0,0,0,0,54099,WV
11,2021-03-25 00:00:00,0,0,0,0,0,54099,WV
0,2021-01-07 00:00:00,0,0,48,0,0,55011,WI
1,2021-01-14 00:00:00,0,0,55,0,0,55011,WI
2,2021-01-21 00:00:00,0,0,45,0,0,55011,WI
3,2021-01-28 00:00:00,0,0,21,0,0,55011,WI
4,2021-02-04 00:00:00,0,0,13,0,0,55011,WI
5,2021-02-11 00:00:00,0,0,6,0,0,55011,WI
6,2021-02-18 00:00:00,0,0,6,0,0,55011,WI
7,2021-02-25 00:00:00,0,0,12,0,0,55011,WI
8,2021-03-04 00:00:00,0,0,4,0,0,55011,WI
9,2021-03-11 00:00:00,0,0,2,0,0,55011,WI
10,2021-03-18 00:00:00,0,0,0,0,0,55011,WI
11,2021-03-25 00:00:00,0,0,0,0,0,55011,WI
0,2021-01-07 00:00:00,6,66,737,81,112,55025,WI
1,2021-01-14 00:00:00,4,52,657,52,130,55025,WI
2,2021-01-21 00:00:00,1,33,510,48,58,55025,WI
3,2021-01-28 00:00:00,1,34,511,33,68,55025,WI
4,2021-02-04 00:00:00,2,27,447,34,64,55025,WI
5,2021-02-11 00:00:00,1,13,368,49,34,55025,WI
6,2021-02-18 00:00:00,2,24,378,35,41,55025,WI
7,2021-02-25 00:00:00,2,22,271,31,28,55025,WI
8,2021-03-04 00:00:00,2,16,295,24,35,55025,WI
9,2021-03-11 00:00:00,1,20,251,12,33,55025,WI
10,2021-03-18 00:00:00,2,13,158,10,20,55025,WI
11,2021-03-25 00:00:00,0,0,0,0,0,55025,WI
0,2021-01-07 00:00:00,1,3,229,11,8,55035,WI
1,2021-01-14 00:00:00,1,2,202,2,5,55035,WI
2,2021-01-21 00:00:00,0,2,188,3,2,55035,WI
3,2021-01-28 00:00:00,0,0,153,9,6,55035,WI
4,2021-02-04 00:00:00,0,1,142,6,4,55035,WI
5,2021-02-11 00:00:00,0,0,71,2,0,55035,WI
6,2021-02-18 00:00:00,0,0,65,1,3,55035,WI
7,2021-02-25 00:00:00,0,0,36,2,4,55035,WI
8,2021-03-04 00:00:00,1,0,59,7,1,55035,WI
9,2021-03-11 00:00:00,0,0,40,3,0,55035,WI
10,2021-03-18 00:00:00,0,2,20,0,2,55035,WI
11,2021-03-25 00:00:00,0,0,0,0,0,55035,WI
0,2021-01-07 00:00:00,0,0,42,0,10,55045,WI
1,2021-01-14 00:00:00,0,0,58,0,5,55045,WI
2,2021-01-21 00:00:00,0,0,42,0,4,55045,WI
3,2021-01-28 00:00:00,0,0,98,0,10,55045,WI
4,2021-02-04 00:00:00,0,0,80,0,6,55045,WI
5,2021-02-11 00:00:00,0,0,73,0,1,55045,WI
6,2021-02-18 00:00:00,0,0,75,0,2,55045,WI
7,2021-02-25 00:00:00,0,0,49,0,1,55045,WI
8,2021-03-04 00:00:00,0,0,41,0,1,55045,WI
9,2021-03-11 00:00:00,0,0,37,0,0,55045,WI
10,2021-03-18 00:00:00,0,0,8,0,1,55045,WI
11,2021-03-25 00:00:00,0,0,0,0,0,55045,WI
0,2021-01-07 00:00:00,0,0,20,0,0,55049,WI
1,2021-01-14 00:00:00,0,0,24,0,0,55049,WI
2,2021-01-21 00:00:00,0,0,16,0,1,55049,WI
3,2021-01-28 00:00:00,0,0,14,0,0,55049,WI
4,2021-02-04 00:00:00,0,0,21,0,0,55049,WI
5,2021-02-11 00:00:00,0,0,9,0,0,55049,WI
6,2021-02-18 00:00:00,0,0,13,0,0,55049,WI
7,2021-02-25 00:00:00,0,0,13,0,0,55049,WI
8,2021-03-04 00:00:00,0,0,21,0,0,55049,WI
9,2021-03-11 00:00:00,0,0,28,0,0,55049,WI
10,2021-03-18 00:00:00,0,0,21,0,0,55049,WI
11,2021-03-25 00:00:00,0,0,0,0,0,55049,WI
0,2021-01-07 00:00:00,4,0,46,0,0,55053,WI
1,2021-01-14 00:00:00,6,0,20,0,0,55053,WI
2,2021-01-21 00:00:00,3,0,20,0,0,55053,WI
3,2021-01-28 00:00:00,3,0,16,0,0,55053,WI
4,2021-02-04 00:00:00,1,0,10,0,0,55053,WI
5,2021-02-11 00:00:00,0,0,10,0,0,55053,WI
6,2021-02-18 00:00:00,0,0,2,0,0,55053,WI
7,2021-02-25 00:00:00,1,0,4,0,0,55053,WI
8,2021-03-04 00:00:00,0,0,4,0,0,55053,WI
9,2021-03-11 00:00:00,0,0,4,0,0,55053,WI
10,2021-03-18 00:00:00,1,0,1,0,0,55053,WI
11,2021-03-25 00:00:00,0,0,0,0,0,55053,WI
0,2021-01-07 00:00:00,0,0,114,0,1,55081,WI
1,2021-01-14 00:00:00,3,1,103,2,5,55081,WI
2,2021-01-21 00:00:00,2,2,103,0,9,55081,WI
3,2021-01-28 00:00:00,1,2,61,0,1,55081,WI
4,2021-02-04 00:00:00,1,1,85,0,3,55081,WI
5,2021-02-11 00:00:00,0,0,52,0,0,55081,WI
6,2021-02-18 00:00:00,1,0,26,0,1,55081,WI
7,2021-02-25 00:00:00,0,0,29,0,2,55081,WI
8,2021-03-04 00:00:00,0,0,18,0,0,55081,WI
9,2021-03-11 00:00:00,1,0,13,0,0,55081,WI
10,2021-03-18 00:00:00,0,0,9,0,0,55081,WI
11,2021-03-25 00:00:00,0,0,0,0,0,55081,WI
0,2021-01-07 00:00:00,1,0,68,0,1,55083,WI
1,2021-01-14 00:00:00,0,0,54,0,0,55083,WI
2,2021-01-21 00:00:00,1,0,42,0,0,55083,WI
3,2021-01-28 00:00:00,1,0,35,0,0,55083,WI
4,2021-02-04 00:00:00,1,0,28,0,2,55083,WI
5,2021-02-11 00:00:00,0,0,29,0,0,55083,WI
6,2021-02-18 00:00:00,0,0,17,0,0,55083,WI
7,2021-02-25 00:00:00,0,0,14,0,0,55083,WI
8,2021-03-04 00:00:00,0,0,15,0,0,55083,WI
9,2021-03-11 00:00:00,1,0,14,0,0,55083,WI
10,2021-03-18 00:00:00,0,0,11,0,0,55083,WI
11,2021-03-25 00:00:00,0,0,0,0,0,55083,WI
0,2021-01-07 00:00:00,0,3,191,2,7,55089,WI
1,2021-01-14 00:00:00,0,3,158,3,4,55089,WI
2,2021-01-21 00:00:00,0,3,101,3,1,55089,WI
3,2021-01-28 00:00:00,0,1,67,1,2,55089,WI
4,2021-02-04 00:00:00,0,1,77,2,1,55089,WI
5,2021-02-11 00:00:00,0,0,37,1,2,55089,WI
6,2021-02-18 00:00:00,0,2,22,0,2,55089,WI
7,2021-02-25 00:00:00,0,1,28,1,0,55089,WI
8,2021-03-04 00:00:00,0,2,35,0,2,55089,WI
9,2021-03-11 00:00:00,0,0,56,2,1,55089,WI
10,2021-03-18 00:00:00,0,0,32,1,2,55089,WI
11,2021-03-25 00:00:00,0,0,0,0,0,55089,WI
0,2021-01-07 00:00:00,0,55,235,6,82,55101,WI
1,2021-01-14 00:00:00,0,57,208,7,59,55101,WI
2,2021-01-21 00:00:00,1,25,173,3,61,55101,WI
3,2021-01-28 00:00:00,0,25,122,0,28,55101,WI
4,2021-02-04 00:00:00,0,7,73,0,17,55101,WI
5,2021-02-11 00:00:00,0,10,56,1,15,55101,WI
6,2021-02-18 00:00:00,0,9,50,1,11,55101,WI
7,2021-02-25 00:00:00,0,7,44,0,12,55101,WI
8,2021-03-04 00:00:00,0,8,38,0,16,55101,WI
9,2021-03-11 00:00:00,0,5,31,0,6,55101,WI
10,2021-03-18 00:00:00,0,2,30,0,2,55101,WI
11,2021-03-25 00:00:00,0,0,0,0,0,55101,WI
0,2021-01-07 00:00:00,0,0,34,0,0,55123,WI
1,2021-01-14 00:00:00,0,0,29,0,0,55123,WI
2,2021-01-21 00:00:00,0,0,30,0,0,55123,WI
3,2021-01-28 00:00:00,0,0,31,0,0,55123,WI
4,2021-02-04 00:00:00,0,0,21,0,0,55123,WI
5,2021-02-11 00:00:00,0,0,11,0,0,55123,WI
6,2021-02-18 00:00:00,0,0,11,0,0,55123,WI
7,2021-02-25 00:00:00,0,0,19,0,0,55123,WI
8,2021-03-04 00:00:00,0,0,6,0,0,55123,WI
9,2021-03-11 00:00:00,0,0,0,0,0,55123,WI
10,2021-03-18 00:00:00,0,0,1,0,0,55123,WI
11,2021-03-25 00:00:00,0,0,0,0,0,55123,WI
0,2021-01-07 00:00:00,0,0,42,0,0,55129,WI
1,2021-01-14 00:00:00,0,0,53,0,0,55129,WI
2,2021-01-21 00:00:00,0,0,28,0,0,55129,WI
3,2021-01-28 00:00:00,0,0,24,0,0,55129,WI
4,2021-02-04 00:00:00,0,0,17,0,0,55129,WI
5,2021-02-11 00:00:00,0,0,14,0,0,55129,WI
6,2021-02-18 00:00:00,0,0,9,0,0,55129,WI
7,2021-02-25 00:00:00,0,0,7,0,0,55129,WI
8,2021-03-04 00:00:00,0,0,7,0,0,55129,WI
9,2021-03-11 00:00:00,0,0,9,0,0,55129,WI
10,2021-03-18 00:00:00,0,0,6,0,0,55129,WI
11,2021-03-25 00:00:00,0,0,0,0,0,55129,WI
