race,total_cases,relative_cases,deaths,relative_deaths,percent_of_ca_population,date,relative_doses,cumulative_total_doses,total_partially_vaccinated,cumulative_fully_vaccinated
American Indian or Alaska Native,3691,0.07382,67,0.134,0.5,12/15/20,0.01,3,3,0
American Indian or Alaska Native,3828,0.07656,70,0.14,0.5,12/16/20,0.12,61,61,0
American Indian or Alaska Native,3908,0.07816,72,0.144,0.5,12/17/20,0.26,128,128,0
American Indian or Alaska Native,4042,0.08084,74,0.148,0.5,12/18/20,0.51,253,253,0
American Indian or Alaska Native,4157,0.08314,74,0.148,0.5,12/19/20,0.63,313,313,0
American Indian or Alaska Native,4253,0.08506,74,0.148,0.5,12/20/20,0.71,355,355,0
American Indian or Alaska Native,4352,0.08704,74,0.148,0.5,12/21/20,1.06,529,529,0
American Indian or Alaska Native,4423,0.08846,75,0.15,0.5,12/22/20,1.34,672,672,0
American Indian or Alaska Native,4423,0.08846,75,0.15,0.5,12/23/20,1.75,877,877,0
American Indian or Alaska Native,4655,0.0931,78,0.156,0.5,12/24/20,1.90,952,952,0
American Indian or Alaska Native,4739,0.09478,79,0.158,0.5,12/25/20,1.91,955,955,0
American Indian or Alaska Native,4848,0.09696,80,0.16,0.5,12/26/20,1.98,988,988,0
American Indian or Alaska Native,4950,0.099,82,0.164,0.5,12/27/20,2.06,1028,1028,0
American Indian or Alaska Native,5023,0.10046,82,0.164,0.5,12/28/20,2.41,1203,1203,0
American Indian or Alaska Native,5090,0.1018,81,0.162,0.5,12/29/20,2.78,1390,1390,0
American Indian or Alaska Native,5090,0.1018,81,0.162,0.5,12/30/20,3.39,1695,1695,0
American Indian or Alaska Native,5242,0.10484,82,0.164,0.5,12/31/20,3.68,1841,1841,0
American Indian or Alaska Native,5358,0.10716,85,0.17,0.5,1/1/21,3.70,1852,1852,0
American Indian or Alaska Native,5444,0.10888,85,0.17,0.5,1/2/21,3.83,1914,1914,0
American Indian or Alaska Native,5498,0.10996,85,0.17,0.5,1/3/21,3.86,1930,1930,0
American Indian or Alaska Native,5583,0.11166,86,0.172,0.5,1/4/21,4.26,2128,2128,0
American Indian or Alaska Native,5646,0.11292,87,0.174,0.5,1/5/21,4.76,2380,2357,12
American Indian or Alaska Native,5750,0.115,90,0.18,0.5,1/6/21,5.39,2693,2538,78
American Indian or Alaska Native,5926,0.11852,91,0.182,0.5,1/7/21,6.29,3147,2813,168
American Indian or Alaska Native,6103,0.12206,95,0.19,0.5,1/8/21,7.15,3574,3002,287
American Indian or Alaska Native,6261,0.12522,96,0.192,0.5,1/9/21,7.35,3673,3025,325
American Indian or Alaska Native,6354,0.12708,97,0.194,0.5,1/10/21,7.45,3725,3033,347
American Indian or Alaska Native,6420,0.1284,97,0.194,0.5,1/11/21,8.33,4166,3189,490
American Indian or Alaska Native,6509,0.13018,99,0.198,0.5,1/12/21,9.41,4705,3532,588
American Indian or Alaska Native,6595,0.1319,99,0.198,0.5,1/13/21,10.48,5242,3853,696
American Indian or Alaska Native,6699,0.13398,102,0.204,0.5,1/14/21,11.81,5903,4411,748
American Indian or Alaska Native,6840,0.1368,101,0.202,0.5,1/15/21,12.89,6445,4875,788
American Indian or Alaska Native,6957,0.13914,101,0.202,0.5,1/16/21,13.32,6658,5052,806
American Indian or Alaska Native,7041,0.14082,102,0.204,0.5,1/17/21,13.48,6742,5116,816
American Indian or Alaska Native,7106,0.14212,102,0.204,0.5,1/18/21,13.94,6972,5240,869
American Indian or Alaska Native,7155,0.1431,102,0.204,0.5,1/19/21,15.36,7681,5694,996
American Indian or Alaska Native,7242,0.14484,107,0.214,0.5,1/20/21,16.80,8399,6162,1120
American Indian or Alaska Native,7336,0.14672,110,0.22,0.5,1/21/21,18.20,9098,6742,1180
American Indian or Alaska Native,7387,0.14774,110,0.22,0.5,1/22/21,19.42,9708,7236,1238
American Indian or Alaska Native,7480,0.1496,112,0.224,0.5,1/23/21,20.21,10105,7570,1270
American Indian or Alaska Native,7573,0.15146,112,0.224,0.5,1/24/21,20.48,10241,7693,1276
American Indian or Alaska Native,7614,0.15228,117,0.234,0.5,1/25/21,21.40,10699,7930,1387
American Indian or Alaska Native,7664,0.15328,117,0.234,0.5,1/26/21,22.94,11468,8426,1524
American Indian or Alaska Native,7719,0.15438,120,0.24,0.5,1/27/21,24.22,12110,8783,1667
American Indian or Alaska Native,7770,0.1554,121,0.242,0.5,1/28/21,25.86,12928,9328,1804
American Indian or Alaska Native,7837,0.15674,123,0.246,0.5,1/29/21,27.11,13553,9706,1927
American Indian or Alaska Native,7909,0.15818,126,0.252,0.5,1/30/21,27.67,13835,9923,1959
American Indian or Alaska Native,7955,0.1591,128,0.256,0.5,1/31/21,27.94,13968,10026,1974
American Indian or Alaska Native,7990,0.1598,130,0.26,0.5,2/1/21,29.02,14511,10273,2122
American Indian or Alaska Native,8029,0.16058,135,0.27,0.5,2/2/21,30.83,15414,10805,2307
American Indian or Alaska Native,8079,0.16158,138,0.276,0.5,2/3/21,32.45,16227,11029,2601
American Indian or Alaska Native,8140,0.1628,141,0.282,0.5,2/4/21,34.36,17179,11300,2941
American Indian or Alaska Native,8183,0.16366,145,0.29,0.5,2/5/21,36.34,18168,11467,3351
American Indian or Alaska Native,8219,0.16438,145,0.29,0.5,2/6/21,37.41,18706,11840,3434
American Indian or Alaska Native,8252,0.16504,145,0.29,0.5,2/7/21,37.69,18844,11902,3472
American Indian or Alaska Native,8284,0.16568,146,0.292,0.5,2/8/21,39.11,19555,12040,3759
American Indian or Alaska Native,8320,0.1664,150,0.3,0.5,2/9/21,41.13,20565,12229,4170
American Indian or Alaska Native,8351,0.16702,153,0.306,0.5,2/10/21,43.05,21524,12187,4668
American Indian or Alaska Native,8392,0.16784,154,0.308,0.5,2/11/21,45.71,22854,12304,5273
American Indian or Alaska Native,8456,0.16912,158,0.316,0.5,2/12/21,48.02,24012,12510,5749
American Indian or Alaska Native,8506,0.17012,158,0.316,0.5,2/13/21,48.98,24492,12727,5882
American Indian or Alaska Native,8537,0.17074,160,0.32,0.5,2/14/21,49.50,24748,12811,5969
American Indian or Alaska Native,8549,0.17098,160,0.32,0.5,2/15/21,50.16,25082,12877,6105
American Indian or Alaska Native,8561,0.17122,162,0.324,0.5,2/16/21,52.35,26173,13045,6573
American Indian or Alaska Native,8574,0.17148,163,0.326,0.5,2/17/21,54.20,27101,13058,7033
American Indian or Alaska Native,8612,0.17224,163,0.326,0.5,2/18/21,56.45,28223,12943,7654
American Indian or Alaska Native,8653,0.17306,165,0.33,0.5,2/19/21,58.06,29031,12946,8059
American Indian or Alaska Native,8681,0.17362,166,0.332,0.5,2/20/21,59.38,29692,12942,8392
American Indian or Alaska Native,8701,0.17402,165,0.33,0.5,2/21/21,59.78,29891,12980,8472
American Indian or Alaska Native,8714,0.17428,165,0.33,0.5,2/22/21,60.91,30457,13027,8735
American Indian or Alaska Native,8740,0.1748,165,0.33,0.5,2/23/21,63.05,31526,13079,9249
American Indian or Alaska Native,8770,0.1754,167,0.334,0.5,2/24/21,65.00,32500,13027,9770
American Indian or Alaska Native,8813,0.17626,171,0.342,0.5,2/25/21,67.65,33825,12954,10477
American Indian or Alaska Native,8835,0.1767,172,0.344,0.5,2/26/21,70.20,35101,13160,11017
American Indian or Alaska Native,8861,0.17722,173,0.346,0.5,2/27/21,71.60,35799,13357,11275
American Indian or Alaska Native,8882,0.17764,174,0.348,0.5,2/28/21,72.35,36177,13556,11368
American Indian or Alaska Native,8894,0.17788,174,0.348,0.5,3/1/21,73.81,36903,13714,11654
American Indian or Alaska Native,8915,0.1783,173,0.346,0.5,3/2/21,75.76,37879,13918,12049
American Indian or Alaska Native,8929,0.17858,176,0.352,0.5,3/3/21,78.08,39039,14152,12528
American Indian or Alaska Native,8972,0.17944,180,0.36,0.5,3/4/21,80.79,40397,14120,13227
American Indian or Alaska Native,9004,0.18008,183,0.366,0.5,3/5/21,83.04,41519,14483,13615
American Indian or Alaska Native,9025,0.1805,184,0.368,0.5,3/6/21,84.95,42476,14650,14030
American Indian or Alaska Native,9045,0.1809,184,0.368,0.5,3/7/21,85.68,42842,14812,14149
American Indian or Alaska Native,9053,0.18106,185,0.37,0.5,3/8/21,87.30,43648,15113,14435
American Indian or Alaska Native,9163,0.18326,187,0.374,0.5,3/9/21,89.66,44831,15355,14949
American Indian or Alaska Native,9183,0.18366,188,0.376,0.5,3/10/21,91.74,45868,15566,15419
American Indian or Alaska Native,9208,0.18416,191,0.382,0.5,3/11/21,94.84,47422,15695,16201
American Indian or Alaska Native,9237,0.18474,193,0.386,0.5,3/12/21,97.92,48960,15756,17034
American Indian or Alaska Native,9255,0.1851,192,0.384,0.5,3/13/21,99.68,49839,15997,17412
American Indian or Alaska Native,9262,0.18524,192,0.384,0.5,3/14/21,100.58,50292,16083,17630
American Indian or Alaska Native,9267,0.18534,192,0.384,0.5,3/15/21,102.28,51141,16309,17980
American Indian or Alaska Native,9289,0.18578,193,0.386,0.5,3/16/21,104.99,52494,16652,18546
American Indian or Alaska Native,9312,0.18624,198,0.396,0.5,3/17/21,107.69,53844,16894,19144
American Indian or Alaska Native,9328,0.18656,199,0.398,0.5,3/18/21,110.58,55290,17051,19826
American Indian or Alaska Native,9348,0.18696,198,0.396,0.5,3/19/21,113.21,56606,17230,20434
American Indian or Alaska Native,9387,0.18774,200,0.4,0.5,3/20/21,114.87,57436,17388,20792
American Indian or Alaska Native,9405,0.1881,201,0.402,0.5,3/21/21,115.81,57904,17425,21025
American Indian or Alaska Native,9414,0.18828,200,0.4,0.5,3/22/21,117.44,58721,17734,21304
American Indian or Alaska Native,9416,0.18832,200,0.4,0.5,3/23/21,119.91,59953,18060,21791
American Indian or Alaska Native,9429,0.18858,202,0.404,0.5,3/24/21,122.64,61321,18309,22376
American Indian or Alaska Native,9452,0.18904,201,0.402,0.5,3/25/21,125.75,62875,18343,23183
American Indian or Alaska Native,9473,0.18946,202,0.404,0.5,3/26/21,128.70,64351,18442,23902
American Indian or Alaska Native,9501,0.19002,205,0.41,0.5,3/27/21,130.48,65239,18458,24374
American Indian or Alaska Native,9513,0.19026,205,0.41,0.5,3/28/21,131.31,65654,18455,24591
American Indian or Alaska Native,9518,0.19036,204,0.408,0.5,3/29/21,133.16,66579,18566,25014
American Indian or Alaska Native,9529,0.19058,207,0.414,0.5,3/30/21,135.74,67868,18873,25531
American Indian or Alaska Native,9539,0.19078,205,0.41,0.5,3/31/21,138.15,69073,19050,26085
American Indian or Alaska Native,9556,0.19112,205,0.41,0.5,4/1/21,141.36,70680,19247,26861
American Indian or Alaska Native,9583,0.19166,205,0.41,0.5,4/2/21,144.05,72024,19356,27538
American Indian or Alaska Native,9592,0.19184,204,0.408,0.5,4/3/21,145.82,72910,19409,28023
American Indian or Alaska Native,9597,0.19194,202,0.404,0.5,4/4/21,146.49,73245,19376,28234
American Indian or Alaska Native,9606,0.19212,206,0.412,0.5,4/5/21,148.59,74296,19403,28820
American Indian or Alaska Native,9620,0.1924,206,0.412,0.5,4/6/21,151.81,75906,19495,29702
American Indian or Alaska Native,9627,0.19254,206,0.412,0.5,4/7/21,154.69,77347,19707,30447
American Indian or Alaska Native,9635,0.1927,205,0.41,0.5,4/8/21,158.25,79124,19733,31472
American Indian or Alaska Native,9678,0.19356,211,0.422,0.5,4/9/21,161.42,80712,19771,32396
American Indian or Alaska Native,9694,0.19388,211,0.422,0.5,4/10/21,163.43,81715,19715,33031
American Indian or Alaska Native,9705,0.1941,213,0.426,0.5,4/11/21,164.29,82143,19690,33287
American Indian or Alaska Native,9709,0.19418,214,0.428,0.5,4/12/21,166.10,83052,19778,33757
American Indian or Alaska Native,9720,0.1944,214,0.428,0.5,4/13/21,168.68,84339,20005,34292
American Indian or Alaska Native,9730,0.1946,215,0.43,0.5,4/14/21,171.02,85509,19967,34905
American Indian or Alaska Native,9745,0.1949,215,0.43,0.5,4/15/21,173.75,86877,19959,35594
American Indian or Alaska Native,9759,0.19518,216,0.432,0.5,4/16/21,176.14,88068,19981,36180
American Indian or Alaska Native,9773,0.19546,217,0.434,0.5,4/17/21,177.74,88871,20140,36504
American Indian or Alaska Native,9779,0.19558,217,0.434,0.5,4/18/21,178.38,89191,20115,36680
American Indian or Alaska Native,9786,0.19572,217,0.434,0.5,4/19/21,180.13,90063,20091,37129
American Indian or Alaska Native,9796,0.19592,217,0.434,0.5,4/20/21,182.65,91326,20045,37784
American Indian or Alaska Native,9816,0.19632,215,0.43,0.5,4/21/21,185.01,92504,19988,38406
American Indian or Alaska Native,9818,0.19636,215,0.43,0.5,4/22/21,187.41,93706,19840,39081
American Indian or Alaska Native,9827,0.19654,215,0.43,0.5,4/23/21,189.85,94926,19703,39760
American Indian or Alaska Native,9841,0.19682,218,0.436,0.5,4/24/21,191.53,95766,19795,40138
American Indian or Alaska Native,9851,0.19702,218,0.436,0.5,4/25/21,192.23,96114,19909,40256
American Indian or Alaska Native,9857,0.19714,218,0.436,0.5,4/26/21,193.82,96909,19883,40670
American Indian or Alaska Native,9863,0.19726,218,0.436,0.5,4/27/21,196.05,98025,19857,41254
American Indian or Alaska Native,9874,0.19748,219,0.438,0.5,4/28/21,198.08,99042,19851,41785
American Indian or Alaska Native,9880,0.1976,219,0.438,0.5,4/29/21,200.34,100168,19651,42468
American Indian or Alaska Native,9566,0.19132,216,0.432,0.5,4/30/21,202.44,101219,19533,43072
American Indian or Alaska Native,9583,0.19166,216,0.432,0.5,5/1/21,203.71,101857,19488,43429
American Indian or Alaska Native,9592,0.19184,216,0.432,0.5,5/2/21,204.34,102168,19460,43606
American Indian or Alaska Native,9601,0.19202,216,0.432,0.5,5/3/21,205.78,102892,19268,44083
American Indian or Alaska Native,9614,0.19228,215,0.43,0.5,5/4/21,207.83,103914,19096,44704
American Indian or Alaska Native,9627,0.19254,215,0.43,0.5,5/5/21,209.58,104789,18885,45263
American Indian or Alaska Native,9639,0.19278,215,0.43,0.5,5/6/21,211.62,105809,18580,45954
American Indian or Alaska Native,9978,0.19956,222,0.444,0.5,5/7/21,213.57,106785,18375,46567
American Indian or Alaska Native,9981,0.19962,222,0.444,0.5,5/8/21,214.72,107362,18261,46927
American Indian or Alaska Native,9986,0.19972,222,0.444,0.5,5/9/21,215.15,107573,18230,47051
American Indian or Alaska Native,9993,0.19986,222,0.444,0.5,5/10/21,216.19,108094,18067,47410
American Indian or Alaska Native,9998,0.19996,222,0.444,0.5,5/11/21,217.91,108956,17811,47993
American Indian or Alaska Native,10010,0.2002,221,0.442,0.5,5/12/21,219.31,109657,17649,48437
American Indian or Alaska Native,10023,0.20046,221,0.442,0.5,5/13/21,220.89,110443,17455,48942
American Indian or Alaska Native,10033,0.20066,221,0.442,0.5,5/14/21,222.78,111391,17375,49469
American Indian or Alaska Native,10046,0.20092,221,0.442,0.5,5/15/21,224.13,112065,17258,49871
American Indian or Alaska Native,10049,0.20098,221,0.442,0.5,5/16/21,224.82,112409,17224,50066
American Indian or Alaska Native,10049,0.20098,221,0.442,0.5,5/17/21,226.27,113137,17222,50446
American Indian or Alaska Native,10061,0.20122,222,0.444,0.5,5/18/21,228.02,114011,17185,50926
American Indian or Alaska Native,10074,0.20148,223,0.446,0.5,5/19/21,229.64,114821,17144,51363
American Indian or Alaska Native,10089,0.20178,223,0.446,0.5,5/20/21,230.37,115185,17086,51583
Asian,72150,0.046850649,2464,0.16,15.4,12/15/20,0.02,319,319,0
Asian,74956,0.048672727,2495,0.162012987,15.4,12/16/20,0.15,2327,2327,0
Asian,76965,0.049977273,2523,0.163831169,15.4,12/17/20,0.58,8869,8869,0
Asian,79185,0.051418831,2545,0.16525974,15.4,12/18/20,1.23,18990,18990,0
Asian,81287,0.052783766,2580,0.167532468,15.4,12/19/20,1.61,24795,24795,0
Asian,83319,0.054103247,2597,0.168636364,15.4,12/20/20,1.91,29419,29417,1
Asian,85081,0.055247403,2601,0.168896104,15.4,12/21/20,2.60,40057,40055,1
Asian,87036,0.056516883,2624,0.17038961,15.4,12/22/20,3.33,51284,51281,1
Asian,87036,0.056516883,2624,0.17038961,15.4,12/23/20,4.04,62259,62256,1
Asian,90995,0.059087662,2690,0.174675325,15.4,12/24/20,4.41,67862,67857,2
Asian,92612,0.060137662,2711,0.176038961,15.4,12/25/20,4.44,68408,68403,2
Asian,95039,0.061713636,2745,0.178246753,15.4,12/26/20,4.67,71896,71889,3
Asian,96779,0.062843506,2758,0.179090909,15.4,12/27/20,4.80,73966,73959,3
Asian,98692,0.064085714,2770,0.17987013,15.4,12/28/20,5.38,82842,82833,4
Asian,100569,0.065304545,2818,0.182987013,15.4,12/29/20,6.02,92727,92717,4
Asian,100569,0.065304545,2818,0.182987013,15.4,12/30/20,6.78,104382,104370,5
Asian,104690,0.067980519,2949,0.191493506,15.4,12/31/20,7.19,110781,110765,6
Asian,107465,0.069782468,3003,0.195,15.4,1/1/21,7.24,111558,111540,7
Asian,109724,0.071249351,3031,0.196818182,15.4,1/2/21,7.49,115317,115299,7
Asian,111456,0.072374026,3043,0.197597403,15.4,1/3/21,7.57,116629,116595,15
Asian,113487,0.073692857,3056,0.198441558,15.4,1/4/21,8.12,125042,124972,29
Asian,114864,0.074587013,3109,0.201883117,15.4,1/5/21,8.80,135444,133116,1160
Asian,117227,0.076121429,3171,0.205909091,15.4,1/6/21,9.76,150352,140928,4686
Asian,120172,0.078033766,3227,0.209545455,15.4,1/7/21,11.05,170214,145995,12066
Asian,123544,0.080223377,3286,0.213376623,15.4,1/8/21,12.53,192967,149578,21641
Asian,126414,0.082087013,3349,0.217467532,15.4,1/9/21,13.24,203879,152261,25755
Asian,128784,0.083625974,3404,0.221038961,15.4,1/10/21,13.67,210477,153249,28559
Asian,130966,0.085042857,3440,0.223376623,15.4,1/11/21,15.03,231525,155111,38155
Asian,133241,0.08652013,3535,0.229545455,15.4,1/12/21,16.52,254427,159791,47269
Asian,135579,0.088038312,3605,0.234090909,15.4,1/13/21,18.07,278232,168745,54694
Asian,138242,0.089767532,3643,0.236558442,15.4,1/14/21,19.55,301028,182678,59126
Asian,141013,0.091566883,3718,0.241428571,15.4,1/15/21,21.25,327303,201953,62630
Asian,143690,0.093305195,3790,0.246103896,15.4,1/16/21,22.23,342306,213063,64577
Asian,145554,0.094515584,3816,0.247792208,15.4,1/17/21,22.83,351573,220296,65594
Asian,147086,0.09551039,3827,0.248506494,15.4,1/18/21,23.79,366332,227851,69200
Asian,148487,0.09642013,3866,0.251038961,15.4,1/19/21,25.36,390561,240155,75211
Asian,149951,0.097370779,3932,0.255324675,15.4,1/20/21,27.07,416947,253962,81518
Asian,151576,0.098425974,4005,0.260064935,15.4,1/21/21,28.92,445433,274273,85613
Asian,152907,0.09929026,4054,0.263246753,15.4,1/22/21,30.76,473739,296354,88717
Asian,154423,0.100274675,4126,0.267922078,15.4,1/23/21,32.05,493622,311586,91041
Asian,156230,0.101448052,4155,0.269805195,15.4,1/24/21,32.79,504989,320822,92105
Asian,157362,0.102183117,4185,0.271753247,15.4,1/25/21,34.39,529594,331507,99073
Asian,158576,0.102971429,4256,0.276363636,15.4,1/26/21,36.22,557781,345582,106139
Asian,159865,0.103808442,4341,0.281883117,15.4,1/27/21,38.03,585711,358931,113417
Asian,161539,0.104895455,4399,0.285649351,15.4,1/28/21,39.98,615627,375229,120198
Asian,163086,0.1059,4462,0.28974026,15.4,1/29/21,41.97,646316,391972,127123
Asian,164484,0.106807792,4532,0.294285714,15.4,1/30/21,43.26,666272,404919,130619
Asian,165646,0.107562338,4574,0.297012987,15.4,1/31/21,43.97,677108,413661,131661
Asian,166565,0.108159091,4595,0.298376623,15.4,2/1/21,45.59,702056,425780,138069
Asian,167317,0.108647403,4643,0.301493506,15.4,2/2/21,47.47,730978,440507,145152
Asian,168276,0.10927013,4703,0.30538961,15.4,2/3/21,49.62,764142,455570,154159
Asian,169451,0.110033117,4785,0.310714286,15.4,2/4/21,51.98,800429,470692,164730
Asian,170401,0.11065,4850,0.314935065,15.4,2/5/21,54.61,841023,483317,178680
Asian,171443,0.111326623,4894,0.317792208,15.4,2/6/21,56.34,867687,495895,185744
Asian,172315,0.111892857,4923,0.319675325,15.4,2/7/21,57.19,880711,501420,189512
Asian,172934,0.112294805,4938,0.320649351,15.4,2/8/21,59.23,912200,508721,201590
Asian,173673,0.112774675,5009,0.32525974,15.4,2/9/21,61.60,948572,511838,218261
Asian,174482,0.1133,5054,0.328181818,15.4,2/10/21,64.43,992274,511984,240095
Asian,175198,0.113764935,5110,0.331818182,15.4,2/11/21,67.02,1032101,512870,259630
Asian,175922,0.114235065,5175,0.336038961,15.4,2/12/21,69.59,1071715,511966,279996
Asian,176589,0.114668182,5241,0.340324675,15.4,2/13/21,71.35,1098757,513288,292986
Asian,177100,0.115,5271,0.342272727,15.4,2/14/21,72.46,1115940,513961,301357
Asian,177576,0.115309091,5279,0.342792208,15.4,2/15/21,73.89,1137921,515326,311792
Asian,177919,0.115531818,5309,0.34474026,15.4,2/16/21,76.43,1176993,517586,330362
Asian,178375,0.115827922,5371,0.348766234,15.4,2/17/21,78.98,1216266,517295,350286
Asian,179040,0.11625974,5413,0.351493506,15.4,2/18/21,81.64,1257326,514553,372302
Asian,179671,0.116669481,5464,0.354805195,15.4,2/19/21,84.22,1296936,516270,391298
Asian,180258,0.117050649,5504,0.357402597,15.4,2/20/21,85.80,1321246,519537,401923
Asian,180788,0.117394805,5536,0.359480519,15.4,2/21/21,86.66,1334595,519966,408413
Asian,181145,0.117626623,5548,0.36025974,15.4,2/22/21,88.23,1358762,519807,420617
Asian,181664,0.117963636,5590,0.362987013,15.4,2/23/21,90.51,1393786,516581,440018
Asian,182235,0.118334416,5752,0.373506494,15.4,2/24/21,93.33,1437307,513517,463734
Asian,182779,0.118687662,5792,0.376103896,15.4,2/25/21,96.45,1485377,517163,486442
Asian,183305,0.119029221,5848,0.37974026,15.4,2/26/21,100.10,1541559,522464,512302
Asian,183711,0.119292857,5875,0.381493506,15.4,2/27/21,103.01,1586350,525289,533602
Asian,184102,0.119546753,5903,0.383311688,15.4,2/28/21,104.61,1611050,528071,544720
Asian,184371,0.119721429,5910,0.383766234,15.4,3/1/21,107.11,1649508,532344,561961
Asian,184765,0.119977273,5958,0.386883117,15.4,3/2/21,110.18,1696768,540424,581949
Asian,185183,0.120248701,5997,0.389415584,15.4,3/3/21,113.59,1749271,547898,604845
Asian,185631,0.12053961,6041,0.392272727,15.4,3/4/21,117.17,1804384,557449,627981
Asian,186096,0.120841558,6073,0.394350649,15.4,3/5/21,120.65,1858025,570768,648552
Asian,186562,0.121144156,6105,0.396428571,15.4,3/6/21,123.48,1901640,585720,663836
Asian,186929,0.121382468,6132,0.398181818,15.4,3/7/21,125.12,1926899,596676,671517
Asian,187197,0.121556494,6143,0.398896104,15.4,3/8/21,127.56,1964418,615286,681996
Asian,187815,0.121957792,6209,0.403181818,15.4,3/9/21,130.62,2011624,627964,700671
Asian,188068,0.122122078,6246,0.405584416,15.4,3/10/21,133.86,2061403,638703,722227
Asian,188440,0.122363636,6279,0.407727273,15.4,3/11/21,137.64,2119661,648156,749089
Asian,188777,0.122582468,6318,0.41025974,15.4,3/12/21,141.58,2180374,656170,779035
Asian,189059,0.122765584,6344,0.411948052,15.4,3/13/21,144.67,2227890,666821,800511
Asian,189333,0.122943506,6359,0.412922078,15.4,3/14/21,146.70,2259182,672883,815000
Asian,189477,0.123037013,6367,0.413441558,15.4,3/15/21,149.72,2305705,683531,834503
Asian,189728,0.1232,6399,0.415519481,15.4,3/16/21,153.55,2364640,697678,858011
Asian,190042,0.123403896,6436,0.417922078,15.4,3/17/21,157.41,2424078,716032,879823
Asian,190397,0.123634416,6457,0.419285714,15.4,3/18/21,161.25,2483231,731120,902943
Asian,190696,0.123828571,6470,0.42012987,15.4,3/19/21,165.35,2546368,744473,929109
Asian,190992,0.124020779,6473,0.420324675,15.4,3/20/21,168.47,2594443,760069,946034
Asian,191195,0.124152597,6517,0.423181818,15.4,3/21/21,170.17,2620588,769045,955382
Asian,191376,0.12427013,6523,0.423571429,15.4,3/22/21,173.03,2664590,785505,969987
Asian,191576,0.1244,6552,0.425454545,15.4,3/23/21,176.79,2722519,801201,992036
Asian,191854,0.124580519,6591,0.427987013,15.4,3/24/21,180.80,2784246,815132,1016672
Asian,192121,0.124753896,6619,0.429805195,15.4,3/25/21,185.24,2852700,829018,1044922
Asian,192468,0.124979221,6648,0.431688312,15.4,3/26/21,189.75,2922170,839982,1075067
Asian,192786,0.125185714,6675,0.433441558,15.4,3/27/21,193.40,2978311,845059,1101404
Asian,193036,0.125348052,6678,0.433636364,15.4,3/28/21,195.82,3015562,848751,1118485
Asian,193189,0.125447403,6678,0.433636364,15.4,3/29/21,199.33,3069696,855343,1142987
Asian,193383,0.125573377,6692,0.434545455,15.4,3/30/21,203.66,3136406,868697,1170938
Asian,193642,0.125741558,6714,0.435974026,15.4,3/31/21,208.08,3204436,881885,1199708
Asian,193920,0.125922078,6749,0.438246753,15.4,4/1/21,213.42,3286740,901386,1234569
Asian,194236,0.126127273,6772,0.43974026,15.4,4/2/21,218.71,3368151,919484,1269696
Asian,194510,0.126305195,6812,0.442337662,15.4,4/3/21,222.71,3429783,929691,1299024
Asian,194775,0.126477273,6844,0.444415584,15.4,4/4/21,224.85,3462623,931454,1317051
Asian,194980,0.12661039,6860,0.445454545,15.4,4/5/21,228.95,3525893,940877,1347773
Asian,195220,0.126766234,6880,0.446753247,15.4,4/6/21,234.16,3606133,953778,1386797
Asian,195480,0.126935065,6894,0.447662338,15.4,4/7/21,239.43,3687252,968385,1425777
Asian,195797,0.127140909,6923,0.449545455,15.4,4/8/21,244.91,3771629,982872,1468235
Asian,196335,0.12749026,6980,0.453246753,15.4,4/9/21,250.60,3859308,996896,1512398
Asian,196825,0.127808442,7008,0.455064935,15.4,4/10/21,254.95,3926234,1006533,1546842
Asian,197098,0.127985714,7029,0.456428571,15.4,4/11/21,257.60,3967052,1013671,1567311
Asian,197312,0.128124675,7048,0.457662338,15.4,4/12/21,261.72,4030495,1025009,1596178
Asian,197514,0.128255844,7061,0.458506494,15.4,4/13/21,266.94,4110834,1046048,1625934
Asian,197722,0.128390909,7092,0.460519481,15.4,4/14/21,272.30,4193476,1061348,1659826
Asian,197966,0.128549351,7108,0.461558442,15.4,4/15/21,278.48,4288578,1088404,1693933
Asian,198214,0.12871039,7135,0.463311688,15.4,4/16/21,284.42,4380093,1109038,1729439
Asian,198481,0.128883766,7145,0.463961039,15.4,4/17/21,288.77,4447026,1125167,1755078
Asian,198685,0.129016234,7148,0.464155844,15.4,4/18/21,291.02,4481727,1130607,1769946
Asian,198848,0.129122078,7153,0.464480519,15.4,4/19/21,294.96,4542355,1135970,1797625
Asian,199042,0.129248052,7164,0.465194805,15.4,4/20/21,299.89,4618243,1144887,1831256
Asian,199276,0.1294,7187,0.466688312,15.4,4/21/21,304.92,4695824,1152836,1866258
Asian,199424,0.129496104,7199,0.467467532,15.4,4/22/21,310.25,4777810,1149377,1909144
Asian,199608,0.129615584,7206,0.467922078,15.4,4/23/21,315.50,4858677,1146221,1951361
Asian,199793,0.129735714,7214,0.468441558,15.4,4/24/21,319.54,4920863,1146852,1982336
Asian,199995,0.129866883,7216,0.468571429,15.4,4/25/21,321.68,4953886,1148887,1997921
Asian,200145,0.129964286,7217,0.468636364,15.4,4/26/21,324.91,5003619,1143466,2025806
Asian,200311,0.130072078,7227,0.469285714,15.4,4/27/21,328.82,5063857,1130844,2062622
Asian,200513,0.130203247,7237,0.469935065,15.4,4/28/21,332.65,5122780,1119609,2098200
Asian,200736,0.130348052,7245,0.470454545,15.4,4/29/21,336.58,5183276,1100576,2138462
Asian,199590,0.129603896,7136,0.463376623,15.4,4/30/21,340.88,5249519,1083570,2180571
Asian,199823,0.129755195,7157,0.46474026,15.4,5/1/21,343.97,5297134,1066583,2213344
Asian,199977,0.129855195,7159,0.46487013,15.4,5/2/21,345.77,5324892,1055441,2233042
Asian,200119,0.129947403,7159,0.46487013,15.4,5/3/21,348.91,5373238,1032043,2269299
Asian,200286,0.130055844,7169,0.465519481,15.4,5/4/21,352.91,5434877,999481,2316777
Asian,200471,0.130175974,7177,0.466038961,15.4,5/5/21,357.05,5498563,965298,2366077
Asian,200999,0.130518831,7185,0.466558442,15.4,5/6/21,361.58,5568372,923694,2422493
Asian,202498,0.131492208,7309,0.47461039,15.4,5/7/21,366.18,5639109,882830,2478644
Asian,202664,0.1316,7314,0.474935065,15.4,5/8/21,369.31,5687381,856149,2516351
Asian,202814,0.131697403,7315,0.475,15.4,5/9/21,370.85,5711071,844980,2533871
Asian,202931,0.131773377,7318,0.475194805,15.4,5/10/21,373.38,5750011,821787,2565241
Asian,203036,0.131841558,7323,0.475519481,15.4,5/11/21,376.35,5795808,795473,2601589
Asian,203190,0.131941558,7325,0.475649351,15.4,5/12/21,379.18,5839418,770631,2636108
Asian,203399,0.132077273,7329,0.475909091,15.4,5/13/21,382.30,5887418,748492,2671495
Asian,203566,0.132185714,7336,0.476363636,15.4,5/14/21,385.92,5943105,724203,2711740
Asian,203717,0.132283766,7339,0.476558442,15.4,5/15/21,388.85,5988336,707323,2742915
Asian,203809,0.132343506,7340,0.476623377,15.4,5/16/21,390.52,6014007,696353,2761282
Asian,203844,0.132366234,7340,0.476623377,15.4,5/17/21,392.89,6050542,683042,2786380
Asian,203916,0.132412987,7342,0.476753247,15.4,5/18/21,395.68,6093474,666338,2816333
Asian,204041,0.132494156,7344,0.476883117,15.4,5/19/21,398.23,6132732,653641,2842424
Asian,204187,0.132588961,7348,0.477142857,15.4,5/20/21,399.16,6147116,647458,2852774
Black,48540,0.0809,1510,0.251666667,6,12/15/20,0.01,54,54,0
Black,50060,0.083433333,1534,0.255666667,6,12/16/20,0.06,349,349,0
Black,51142,0.085236667,1551,0.2585,6,12/17/20,0.20,1192,1192,0
Black,52329,0.087215,1563,0.2605,6,12/18/20,0.42,2500,2500,0
Black,53554,0.089256667,1577,0.262833333,6,12/19/20,0.54,3221,3221,0
Black,54750,0.09125,1584,0.264,6,12/20/20,0.63,3777,3777,0
Black,55921,0.093201667,1593,0.2655,6,12/21/20,0.88,5304,5304,0
Black,56998,0.094996667,1604,0.267333333,6,12/22/20,1.15,6914,6914,0
Black,56998,0.094996667,1604,0.267333333,6,12/23/20,1.43,8584,8583,0
Black,59207,0.098678333,1637,0.272833333,6,12/24/20,1.60,9627,9626,0
Black,59947,0.099911667,1645,0.274166667,6,12/25/20,1.62,9729,9728,0
Black,61566,0.10261,1658,0.276333333,6,12/26/20,1.71,10253,10252,0
Black,62591,0.104318333,1662,0.277,6,12/27/20,1.77,10591,10590,0
Black,63619,0.106031667,1668,0.278,6,12/28/20,2.08,12495,12494,0
Black,64518,0.10753,1697,0.282833333,6,12/29/20,2.44,14664,14663,0
Black,64518,0.10753,1697,0.282833333,6,12/30/20,2.91,17478,17477,0
Black,66557,0.110928333,1759,0.293166667,6,12/31/20,3.18,19102,19099,1
Black,67996,0.113326667,1781,0.296833333,6,1/1/21,3.21,19283,19280,1
Black,69353,0.115588333,1801,0.300166667,6,1/2/21,3.32,19923,19920,1
Black,70441,0.117401667,1804,0.300666667,6,1/3/21,3.36,20179,20176,1
Black,71566,0.119276667,1816,0.302666667,6,1/4/21,3.69,22150,22142,2
Black,72361,0.120601667,1833,0.3055,6,1/5/21,4.11,24671,24321,174
Black,73573,0.122621667,1853,0.308833333,6,1/6/21,4.62,27717,26381,663
Black,75064,0.125106667,1872,0.312,6,1/7/21,5.21,31270,27960,1648
Black,76770,0.12795,1911,0.3185,6,1/8/21,5.88,35292,29570,2854
Black,78392,0.130653333,1934,0.322333333,6,1/9/21,6.10,36598,29979,3302
Black,79786,0.132976667,1955,0.325833333,6,1/10/21,6.21,37262,29985,3631
Black,81036,0.13506,1968,0.328,6,1/11/21,6.80,40788,30733,5022
Black,82125,0.136875,2016,0.336,6,1/12/21,7.40,44396,31875,6260
Black,83262,0.13877,2050,0.341666667,6,1/13/21,8.08,48468,33770,7349
Black,84645,0.141075,2075,0.345833333,6,1/14/21,8.79,52764,36567,8096
Black,86085,0.143475,2110,0.351666667,6,1/15/21,9.59,57569,40196,8685
Black,87689,0.146148333,2147,0.357833333,6,1/16/21,9.97,59825,41882,8970
Black,88845,0.148075,2160,0.36,6,1/17/21,10.16,60965,42808,9077
Black,89707,0.149511667,2173,0.362166667,6,1/18/21,10.54,63264,43831,9714
Black,90545,0.150908333,2195,0.365833333,6,1/19/21,11.38,68285,46357,10960
Black,91295,0.152158333,2229,0.3715,6,1/20/21,12.25,73488,49054,12208
Black,92173,0.153621667,2272,0.378666667,6,1/21/21,13.12,78739,52472,13124
Black,92937,0.154895,2296,0.382666667,6,1/22/21,14.03,84208,56714,13736
Black,93817,0.156361667,2333,0.388833333,6,1/23/21,14.50,86979,58720,14117
Black,94769,0.157948333,2345,0.390833333,6,1/24/21,14.73,88369,59783,14280
Black,95491,0.159151667,2349,0.3915,6,1/25/21,15.54,93234,61434,15891
Black,96053,0.160088333,2391,0.3985,6,1/26/21,16.54,99268,64010,17622
Black,96722,0.161203333,2423,0.403833333,6,1/27/21,17.63,105769,66661,19537
Black,97463,0.162438333,2452,0.408666667,6,1/28/21,18.72,112306,70153,21053
Black,98263,0.163771667,2488,0.414666667,6,1/29/21,19.85,119124,73890,22591
Black,98959,0.164931667,2516,0.419333333,6,1/30/21,20.46,122779,76425,23145
Black,99580,0.165966667,2532,0.422,6,1/31/21,20.78,124699,77972,23332
Black,100076,0.166793333,2539,0.423166667,6,2/1/21,21.82,130937,80881,24989
Black,100486,0.167476667,2571,0.4285,6,2/2/21,23.05,138319,84537,26846
Black,101004,0.16834,2601,0.4335,6,2/3/21,24.48,146900,88368,29216
Black,101616,0.16936,2632,0.438666667,6,2/4/21,26.01,156078,92890,31541
Black,102113,0.170188333,2662,0.443666667,6,2/5/21,27.67,166049,97050,34439
Black,102703,0.171171667,2677,0.446166667,6,2/6/21,28.65,171884,100825,35469
Black,103111,0.171851667,2699,0.449833333,6,2/7/21,28.98,173903,102027,35879
Black,103481,0.172468333,2713,0.452166667,6,2/8/21,30.13,180795,104780,37950
Black,103870,0.173116667,2749,0.458166667,6,2/9/21,31.51,189059,107211,40877
Black,104332,0.173886667,2783,0.463833333,6,2/10/21,33.06,198332,109403,44430
Black,104756,0.174593333,2810,0.468333333,6,2/11/21,34.69,208118,112162,47948
Black,105179,0.175298333,2828,0.471333333,6,2/12/21,36.50,219018,114921,52037
Black,105625,0.176041667,2857,0.476166667,6,2/13/21,37.47,224817,117178,53820
Black,105960,0.1766,2863,0.477166667,6,2/14/21,37.93,227575,117949,54819
Black,106201,0.177001667,2865,0.4775,6,2/15/21,38.77,232644,119601,56541
Black,106400,0.177333333,2876,0.479333333,6,2/16/21,40.40,242415,121969,60264
Black,106708,0.177846667,2891,0.481833333,6,2/17/21,42.04,252245,123913,64220
Black,107081,0.178468333,2918,0.486333333,6,2/18/21,43.73,262362,125504,68493
Black,107436,0.17906,2946,0.491,6,2/19/21,45.48,272906,127483,72784
Black,107741,0.179568333,2972,0.495333333,6,2/20/21,46.35,278090,128856,74699
Black,108013,0.180021667,2982,0.497,6,2/21/21,46.86,281133,130094,75609
Black,108204,0.18034,2984,0.497333333,6,2/22/21,47.90,287405,130990,78304
Black,108479,0.180798333,3004,0.500666667,6,2/23/21,49.30,295798,131970,82060
Black,108739,0.181231667,3089,0.514833333,6,2/24/21,50.97,305805,132755,86723
Black,109065,0.181775,3119,0.519833333,6,2/25/21,52.96,317776,135005,91640
Black,109352,0.182253333,3142,0.523666667,6,2/26/21,55.15,330873,137896,96812
Black,109591,0.182651667,3161,0.526833333,6,2/27/21,56.73,340396,140708,100197
Black,109810,0.183016667,3179,0.529833333,6,2/28/21,57.58,345478,142927,101644
Black,109920,0.1832,3188,0.531333333,6,3/1/21,59.16,354953,145010,105370
Black,110115,0.183525,3209,0.534833333,6,3/2/21,61.25,367500,147153,110624
Black,110397,0.183995,3222,0.537,6,3/3/21,63.53,381194,148957,116637
Black,110700,0.1845,3237,0.5395,6,3/4/21,65.90,395425,150982,122810
Black,110994,0.18499,3262,0.543666667,6,3/5/21,68.23,409386,154866,127916
Black,111279,0.185465,3275,0.545833333,6,3/6/21,69.96,419762,157090,132181
Black,111452,0.185753333,3279,0.5465,6,3/7/21,70.89,425355,158837,134191
Black,111621,0.186035,3278,0.546333333,6,3/8/21,72.37,434200,162053,137184
Black,111916,0.186526667,3309,0.5515,6,3/9/21,74.43,446587,163451,142980
Black,112115,0.186858333,3329,0.554833333,6,3/10/21,76.63,459798,165787,148859
Black,112357,0.187261667,3349,0.558166667,6,3/11/21,79.33,475971,167100,157054
Black,112580,0.187633333,3360,0.56,6,3/12/21,82.27,493614,168703,166355
Black,112784,0.187973333,3373,0.562166667,6,3/13/21,84.08,504501,170393,171625
Black,112973,0.188288333,3373,0.562166667,6,3/14/21,85.22,511299,171323,175060
Black,113064,0.18844,3374,0.562333333,6,3/15/21,87.20,523200,173288,180680
Black,113234,0.188723333,3392,0.565333333,6,3/16/21,89.86,539143,175668,188036
Black,113471,0.189118333,3413,0.568833333,6,3/17/21,92.55,555303,179535,194773
Black,113683,0.189471667,3422,0.570333333,6,3/18/21,95.37,572215,182713,202243
Black,113876,0.189793333,3437,0.572833333,6,3/19/21,98.32,589906,185527,210533
Black,114079,0.190131667,3438,0.573,6,3/20/21,100.45,602706,188273,216138
Black,114202,0.190336667,3459,0.5765,6,3/21/21,101.52,609091,189719,218835
Black,114318,0.19053,3461,0.576833333,6,3/22/21,103.44,620633,193183,223351
Black,114463,0.190771667,3471,0.5785,6,3/23/21,106.00,635974,196546,229815
Black,114642,0.19107,3487,0.581166667,6,3/24/21,108.58,651474,199310,236635
Black,114803,0.191338333,3509,0.584833333,6,3/25/21,111.33,667975,202503,243883
Black,115054,0.191756667,3520,0.586666667,6,3/26/21,114.14,684819,204021,252032
Black,115294,0.192156667,3538,0.589666667,6,3/27/21,116.11,696645,204229,258170
Black,115469,0.192448333,3538,0.589666667,6,3/28/21,117.18,703086,203988,261620
Black,115637,0.192728333,3539,0.589833333,6,3/29/21,119.24,715463,205824,267200
Black,115773,0.192955,3544,0.590666667,6,3/30/21,121.87,731196,208029,274653
Black,115949,0.193248333,3554,0.592333333,6,3/31/21,124.61,747635,210157,282404
Black,116153,0.193588333,3569,0.594833333,6,4/1/21,127.58,765481,212398,291199
Black,116474,0.194123333,3583,0.597166667,6,4/2/21,130.64,783852,214504,300518
Black,116648,0.194413333,3591,0.5985,6,4/3/21,132.58,795506,215953,306730
Black,116831,0.194718333,3599,0.599833333,6,4/4/21,133.45,800687,215590,310001
Black,116979,0.194965,3603,0.6005,6,4/5/21,135.69,814134,216281,317284
Black,117180,0.1953,3611,0.601833333,6,4/6/21,138.60,831598,217273,327066
Black,117337,0.195561667,3628,0.604666667,6,4/7/21,141.70,850204,219038,337196
Black,117558,0.19593,3640,0.606666667,6,4/8/21,144.96,869759,220766,348090
Black,117905,0.196508333,3665,0.610833333,6,4/9/21,148.09,888557,221199,358949
Black,118240,0.197066667,3673,0.612166667,6,4/10/21,150.23,901392,221180,366831
Black,118454,0.197423333,3677,0.612833333,6,4/11/21,151.29,907718,220934,370677
Black,118607,0.197678333,3685,0.614166667,6,4/12/21,153.38,920287,221200,377576
Black,118815,0.198025,3693,0.6155,6,4/13/21,156.05,936325,222487,385005
Black,118986,0.19831,3702,0.617,6,4/14/21,158.79,952757,222770,393149
Black,119188,0.198646667,3713,0.618833333,6,4/15/21,161.64,969814,222684,401742
Black,119452,0.199086667,3722,0.620333333,6,4/16/21,164.32,985930,222125,410093
Black,119717,0.199528333,3730,0.621666667,6,4/17/21,166.26,997549,222626,415690
Black,119930,0.199883333,3731,0.621833333,6,4/18/21,167.17,1003004,222313,418630
Black,120097,0.200161667,3732,0.622,6,4/19/21,169.13,1014806,220673,425359
Black,120292,0.200486667,3738,0.623,6,4/20/21,171.59,1029559,219719,433243
Black,120487,0.200811667,3745,0.624166667,6,4/21/21,174.13,1044760,218461,441490
Black,120656,0.201093333,3752,0.625333333,6,4/22/21,176.78,1060652,216967,450195
Black,120883,0.201471667,3755,0.625833333,6,4/23/21,179.37,1076209,215889,458534
Black,121090,0.201816667,3762,0.627,6,4/24/21,181.23,1087359,216539,463826
Black,121275,0.202125,3762,0.627,6,4/25/21,182.10,1092597,217155,466150
Black,121467,0.202445,3764,0.627333333,6,4/26/21,183.94,1103633,216593,472022
Black,121633,0.202721667,3771,0.6285,6,4/27/21,186.14,1116813,215282,479409
Black,121791,0.202985,3775,0.629166667,6,4/28/21,188.41,1130439,214176,486939
Black,121978,0.203296667,3781,0.630166667,6,4/29/21,190.63,1143804,212335,494717
Black,121752,0.20292,3753,0.6255,6,4/30/21,193.02,1158146,210261,503105
Black,121990,0.203316667,3767,0.627833333,6,5/1/21,194.50,1167005,209010,508310
Black,122153,0.203588333,3768,0.628,6,5/2/21,195.18,1171104,208460,510687
Black,122326,0.203876667,3768,0.628,6,5/3/21,196.86,1181181,206076,517078
Black,122458,0.204096667,3777,0.6295,6,5/4/21,198.94,1193663,202758,525187
Black,122646,0.20441,3779,0.629833333,6,5/5/21,201.06,1206348,199358,533457
Black,122882,0.204803333,3784,0.630666667,6,5/6/21,203.14,1218822,195676,541820
Black,123524,0.205873333,3825,0.6375,6,5/7/21,205.20,1231207,192325,549909
Black,123772,0.206286667,3832,0.638666667,6,5/8/21,206.53,1239180,189761,555302
Black,123944,0.206573333,3836,0.639333333,6,5/9/21,207.04,1242268,188543,557519
Black,124091,0.206818333,3836,0.639333333,6,5/10/21,208.35,1250087,186070,562824
Black,124201,0.207001667,3844,0.640666667,6,5/11/21,210.01,1260033,182734,569652
Black,124382,0.207303333,3837,0.6395,6,5/12/21,211.64,1269836,179497,576388
Black,124592,0.207653333,3838,0.639666667,6,5/13/21,213.28,1279688,176618,582933
Black,124800,0.208,3837,0.6395,6,5/14/21,215.12,1290749,173880,589995
Black,124998,0.20833,3838,0.639666667,6,5/15/21,216.51,1299045,171947,595217
Black,125113,0.208521667,3838,0.639666667,6,5/16/21,217.15,1302913,170831,597755
Black,125167,0.208611667,3838,0.639666667,6,5/17/21,218.59,1311546,169165,603034
Black,125254,0.208756667,3840,0.64,6,5/18/21,220.31,1321854,166969,609456
Black,125400,0.209,3842,0.640333333,6,5/19/21,221.92,1331522,165172,615345
Black,125572,0.209286667,3850,0.641666667,6,5/20/21,222.79,1336718,163790,618723
Latino,678937,0.174533933,10090,0.259383033,38.9,12/15/20,0.00,129,129,0
Latino,704045,0.180988432,10309,0.265012853,38.9,12/16/20,0.03,1291,1291,0
Latino,718812,0.184784576,10454,0.26874036,38.9,12/17/20,0.14,5500,5500,0
Latino,733236,0.188492545,10563,0.271542416,38.9,12/18/20,0.31,11951,11951,0
Latino,749406,0.192649357,10631,0.273290488,38.9,12/19/20,0.40,15490,15490,0
Latino,762170,0.195930591,10680,0.274550129,38.9,12/20/20,0.46,18050,18050,0
Latino,776907,0.199719023,10721,0.275604113,38.9,12/21/20,0.66,25625,25625,0
Latino,789553,0.202969923,10887,0.279871465,38.9,12/22/20,0.85,33159,33159,0
Latino,789553,0.202969923,10887,0.279871465,38.9,12/23/20,1.05,40783,40783,0
Latino,818803,0.210489203,11132,0.286169666,38.9,12/24/20,1.14,44342,44342,0
Latino,829409,0.213215681,11194,0.287763496,38.9,12/25/20,1.15,44658,44658,0
Latino,850387,0.218608483,11274,0.289820051,38.9,12/26/20,1.20,46613,46613,0
Latino,863013,0.221854242,11325,0.291131105,38.9,12/27/20,1.24,48090,48088,1
Latino,875282,0.225008226,11381,0.292570694,38.9,12/28/20,1.42,55284,55282,1
Latino,887580,0.228169666,11575,0.297557841,38.9,12/29/20,1.66,64462,64458,2
Latino,887580,0.228169666,11575,0.297557841,38.9,12/30/20,1.94,75335,75329,2
Latino,916049,0.235488175,12009,0.308714653,38.9,12/31/20,2.10,81556,81542,6
Latino,934959,0.240349357,12181,0.313136247,38.9,1/1/21,2.12,82328,82314,6
Latino,951899,0.244704113,12282,0.315732648,38.9,1/2/21,2.19,85060,85046,6
Latino,966661,0.248498972,12314,0.31655527,38.9,1/3/21,2.21,86061,86043,8
Latino,979315,0.251751928,12422,0.31933162,38.9,1/4/21,2.41,93737,93699,13
Latino,990854,0.254718252,12583,0.323470437,38.9,1/5/21,2.69,104745,103253,741
Latino,1007959,0.259115424,12827,0.329742931,38.9,1/6/21,3.06,118841,113168,2816
Latino,1031277,0.265109769,13040,0.335218509,38.9,1/7/21,3.50,136042,121311,7337
Latino,1054317,0.271032648,13300,0.341902314,38.9,1/8/21,4.02,156201,129341,13398
Latino,1078116,0.277150643,13484,0.346632391,38.9,1/9/21,4.19,163173,131720,15693
Latino,1098158,0.282302828,13627,0.350308483,38.9,1/10/21,4.29,166900,132465,17184
Latino,1116243,0.286951928,13708,0.352390746,38.9,1/11/21,4.71,183038,135939,23526
Latino,1133397,0.291361697,14078,0.361902314,38.9,1/12/21,5.17,201036,142235,29392
Latino,1148799,0.29532108,14292,0.367403599,38.9,1/13/21,5.66,220038,151229,34392
Latino,1169350,0.300604113,14443,0.371285347,38.9,1/14/21,6.18,240346,166199,37064
Latino,1187089,0.305164267,14649,0.376580977,38.9,1/15/21,6.81,264785,186372,39194
Latino,1206977,0.310276864,14886,0.382673522,38.9,1/16/21,7.07,274885,194294,40283
Latino,1222272,0.31420874,15018,0.386066838,38.9,1/17/21,7.20,280040,198467,40777
Latino,1234755,0.317417738,15119,0.388663239,38.9,1/18/21,7.53,292795,205683,43552
Latino,1245900,0.320282776,15240,0.391773779,38.9,1/19/21,8.08,314299,217360,48483
Latino,1255339,0.322709254,15554,0.399845758,38.9,1/20/21,8.72,339384,232338,53547
Latino,1267145,0.325744216,15829,0.406915167,38.9,1/21/21,9.47,368268,255731,56289
Latino,1277389,0.328377635,16046,0.412493573,38.9,1/22/21,10.22,397403,280022,58705
Latino,1289848,0.331580463,16348,0.420257069,38.9,1/23/21,10.65,414149,294067,60053
Latino,1301553,0.33458946,16433,0.422442159,38.9,1/24/21,10.86,422293,301019,60648
Latino,1309764,0.336700257,16518,0.424627249,38.9,1/25/21,11.41,443832,311555,66162
Latino,1317261,0.338627506,16822,0.432442159,38.9,1/26/21,12.08,469955,324630,72685
Latino,1326727,0.341060925,17147,0.440796915,38.9,1/27/21,12.82,498526,338564,79983
Latino,1336890,0.343673522,17404,0.447403599,38.9,1/28/21,13.61,529339,356883,86221
Latino,1347343,0.346360668,17681,0.454524422,38.9,1/29/21,14.41,560507,375630,92375
Latino,1355776,0.348528535,17965,0.461825193,38.9,1/30/21,14.87,578386,388530,94852
Latino,1364160,0.350683805,18123,0.465886889,38.9,1/31/21,15.07,586323,395188,95489
Latino,1370089,0.352207969,18220,0.468380463,38.9,2/1/21,15.70,610821,407305,101672
Latino,1375197,0.35352108,18502,0.47562982,38.9,2/2/21,16.49,641481,422890,109189
Latino,1382352,0.355360411,18756,0.482159383,38.9,2/3/21,17.37,675690,438741,118336
Latino,1389409,0.35717455,19117,0.491439589,38.9,2/4/21,18.37,714591,455955,129159
Latino,1395863,0.358833676,19407,0.498894602,38.9,2/5/21,19.49,758311,469878,144017
Latino,1402958,0.360657584,19624,0.504473008,38.9,2/6/21,20.10,782006,483973,148820
Latino,1407969,0.361945758,19756,0.507866324,38.9,2/7/21,20.33,790864,489375,150571
Latino,1411997,0.362981234,19846,0.510179949,38.9,2/8/21,21.08,819897,501329,159156
Latino,1415893,0.363982776,20125,0.517352185,38.9,2/9/21,21.99,855531,509814,172794
Latino,1421616,0.365453985,20364,0.523496144,38.9,2/10/21,23.08,897790,518329,189721
Latino,1427192,0.366887404,20596,0.529460154,38.9,2/11/21,24.46,951374,526922,212342
Latino,1432099,0.368148843,20782,0.534241645,38.9,2/12/21,25.87,1006151,535549,235579
Latino,1437235,0.369469152,20989,0.539562982,38.9,2/13/21,26.60,1034748,540970,247281
Latino,1441312,0.370517224,21098,0.542365039,38.9,2/14/21,26.99,1050030,544604,253292
Latino,1444316,0.37128946,21139,0.543419023,38.9,2/15/21,27.63,1074984,552759,262090
Latino,1446427,0.371832134,21267,0.546709512,38.9,2/16/21,28.77,1119120,563347,279095
Latino,1449831,0.372707198,21466,0.551825193,38.9,2/17/21,29.95,1165003,570931,298496
Latino,1454195,0.373829049,21677,0.557249357,38.9,2/18/21,31.25,1215550,576747,321728
Latino,1458771,0.375005398,21866,0.562107969,38.9,2/19/21,32.57,1267152,583818,344098
Latino,1462751,0.376028535,22030,0.566323907,38.9,2/20/21,33.32,1296229,591600,354852
Latino,1466824,0.377075578,22114,0.56848329,38.9,2/21/21,33.64,1308625,595725,359053
Latino,1469005,0.377636247,22141,0.569177378,38.9,2/22/21,34.41,1338623,602015,371044
Latino,1472040,0.378416452,22371,0.575089974,38.9,2/23/21,35.45,1379122,609952,387873
Latino,1476643,0.379599743,22893,0.588508997,38.9,2/24/21,36.79,1431037,620495,409356
Latino,1479012,0.38020874,23046,0.592442159,38.9,2/25/21,38.41,1494325,640376,431969
Latino,1484054,0.381504884,23307,0.599151671,38.9,2/26/21,40.37,1570371,669586,456115
Latino,1487225,0.382320051,23435,0.602442159,38.9,2/27/21,41.68,1621458,690376,471674
Latino,1490539,0.383171979,23571,0.605938303,38.9,2/28/21,42.32,1646222,702334,478378
Latino,1492186,0.383595373,23608,0.60688946,38.9,3/1/21,43.67,1698882,721888,495329
Latino,1494376,0.384158355,23768,0.611002571,38.9,3/2/21,45.30,1761994,749105,514018
Latino,1498006,0.385091517,23976,0.616349614,38.9,3/3/21,47.18,1835442,778475,536852
Latino,1501574,0.38600874,24150,0.620822622,38.9,3/4/21,49.26,1916215,811911,561281
Latino,1505360,0.386982005,24282,0.624215938,38.9,3/5/21,51.41,1999736,852206,583708
Latino,1509103,0.387944216,24402,0.627300771,38.9,3/6/21,53.01,2061965,885380,599640
Latino,1511539,0.388570437,24429,0.627994859,38.9,3/7/21,53.65,2086955,899801,605817
Latino,1513632,0.389108483,24441,0.628303342,38.9,3/8/21,54.96,2138030,926084,619965
Latino,1517144,0.390011311,24687,0.634627249,38.9,3/9/21,56.69,2205087,948913,644306
Latino,1519953,0.390733419,24810,0.637789203,38.9,3/10/21,58.70,2283450,974040,674582
Latino,1523141,0.391552956,24975,0.642030848,38.9,3/11/21,61.04,2374371,999183,712641
Latino,1525777,0.392230591,25078,0.644678663,38.9,3/12/21,63.62,2474651,1026309,756233
Latino,1528371,0.392897429,25161,0.646812339,38.9,3/13/21,65.55,2549959,1054413,785540
Latino,1530227,0.39337455,25222,0.648380463,38.9,3/14/21,66.45,2584816,1063235,801094
Latino,1531667,0.39374473,25236,0.64874036,38.9,3/15/21,68.30,2656755,1086229,829371
Latino,1533493,0.394214139,25357,0.6518509,38.9,3/16/21,70.68,2749602,1120449,861662
Latino,1536241,0.394920566,25517,0.65596401,38.9,3/17/21,73.31,2851622,1165597,893182
Latino,1538923,0.395610026,25623,0.658688946,38.9,3/18/21,76.02,2957226,1203734,929424
Latino,1541274,0.396214396,25667,0.659820051,38.9,3/19/21,78.94,3070796,1238610,971647
Latino,1543403,0.396761697,25678,0.660102828,38.9,3/20/21,81.07,3153587,1275646,997217
Latino,1545009,0.39717455,25843,0.664344473,38.9,3/21/21,81.97,3188646,1288624,1009400
Latino,1545951,0.39741671,25854,0.664627249,38.9,3/22/21,83.80,3259660,1321061,1030322
Latino,1546872,0.39765347,25967,0.667532134,38.9,3/23/21,86.26,3355478,1358235,1061368
Latino,1548843,0.398160154,26078,0.670385604,38.9,3/24/21,88.97,3460863,1393678,1098716
Latino,1551306,0.398793316,26219,0.674010283,38.9,3/25/21,91.91,3575304,1425213,1142954
Latino,1553962,0.399476093,26351,0.677403599,38.9,3/26/21,95.25,3705411,1454431,1196666
Latino,1556231,0.400059383,26429,0.67940874,38.9,3/27/21,97.60,3796678,1471231,1236264
Latino,1558356,0.400605656,26449,0.679922879,38.9,3/28/21,98.69,3838909,1478480,1254666
Latino,1560087,0.401050643,26460,0.680205656,38.9,3/29/21,100.88,3924239,1497738,1289311
Latino,1561359,0.401377635,26530,0.682005141,38.9,3/30/21,103.86,4040324,1525133,1337057
Latino,1563114,0.401828792,26613,0.684138817,38.9,3/31/21,107.10,4166221,1555939,1387861
Latino,1565720,0.402498715,26682,0.685912596,38.9,4/1/21,110.57,4301088,1583361,1446457
Latino,1567947,0.403071208,26780,0.688431877,38.9,4/2/21,114.03,4435920,1611936,1504720
Latino,1570215,0.403654242,26806,0.689100257,38.9,4/3/21,116.57,4534728,1628138,1551744
Latino,1572022,0.404118766,26833,0.689794344,38.9,4/4/21,117.41,4567401,1630538,1569010
Latino,1573813,0.404579177,26850,0.690231362,38.9,4/5/21,119.84,4661586,1642824,1614976
Latino,1575330,0.404969152,26918,0.691979434,38.9,4/6/21,123.08,4787966,1663618,1677058
Latino,1577681,0.405573522,26968,0.693264781,38.9,4/7/21,126.55,4922977,1683973,1744534
Latino,1579840,0.406128535,27042,0.695167095,38.9,4/8/21,130.20,5064782,1709763,1814363
Latino,1582594,0.406836504,27138,0.697634961,38.9,4/9/21,133.92,5209415,1733930,1886633
Latino,1586084,0.407733676,27194,0.69907455,38.9,4/10/21,137.05,5331349,1748198,1955318
Latino,1587592,0.408121337,27227,0.699922879,38.9,4/11/21,138.43,5384783,1752707,1985714
Latino,1588988,0.408480206,27239,0.700231362,38.9,4/12/21,140.91,5481513,1759172,2036461
Latino,1590125,0.408772494,27381,0.703881748,38.9,4/13/21,144.24,5611093,1781810,2090369
Latino,1591357,0.409089203,27452,0.705706941,38.9,4/14/21,147.75,5747554,1795345,2152306
Latino,1592932,0.409494087,27497,0.706863753,38.9,4/15/21,151.37,5888446,1816429,2212475
Latino,1595297,0.410102057,27539,0.707943445,38.9,4/16/21,155.11,6033833,1827209,2280058
Latino,1597381,0.410637789,27569,0.708714653,38.9,4/17/21,158.03,6147371,1849529,2325914
Latino,1599172,0.411098201,27565,0.708611825,38.9,4/18/21,159.13,6190310,1854706,2345183
Latino,1600240,0.411372751,27573,0.708817481,38.9,4/19/21,161.43,6279676,1852783,2390990
Latino,1601596,0.411721337,27616,0.709922879,38.9,4/20/21,164.63,6404009,1853338,2453142
Latino,1603628,0.412243702,27643,0.710616967,38.9,4/21/21,168.04,6536652,1851220,2520722
Latino,1605058,0.412611311,27696,0.711979434,38.9,4/22/21,171.56,6673727,1845258,2592432
Latino,1606081,0.412874293,27714,0.712442159,38.9,4/23/21,175.17,6814163,1843208,2663860
Latino,1607394,0.413211825,27736,0.713007712,38.9,4/24/21,178.12,6928811,1861696,2712222
Latino,1609135,0.413659383,27738,0.713059126,38.9,4/25/21,179.30,6974844,1872065,2730262
Latino,1610105,0.41390874,27739,0.713084833,38.9,4/26/21,181.47,7059121,1869791,2774241
Latino,1611216,0.414194344,27807,0.714832905,38.9,4/27/21,184.30,7169335,1861029,2834862
Latino,1612971,0.414645501,27847,0.715861183,38.9,4/28/21,187.24,7283482,1854544,2896412
Latino,1614933,0.415149871,27888,0.716915167,38.9,4/29/21,190.19,7398469,1838119,2963225
Latino,1616542,0.415563496,27849,0.715912596,38.9,4/30/21,193.32,7520297,1824044,3032435
Latino,1618528,0.416074036,27886,0.716863753,38.9,5/1/21,195.69,7612184,1812106,3085594
Latino,1619956,0.416441131,27892,0.717017995,38.9,5/2/21,196.63,7648930,1807015,3107006
Latino,1621550,0.4168509,27892,0.717017995,38.9,5/3/21,198.56,7723960,1787648,3155249
Latino,1622725,0.417152956,27956,0.718663239,38.9,5/4/21,201.23,7827910,1757426,3223606
Latino,1624644,0.417646272,27983,0.719357326,38.9,5/5/21,203.95,7933645,1724100,3294527
Latino,1626668,0.418166581,28025,0.720437018,38.9,5/6/21,206.70,8040716,1686887,3368199
Latino,1628765,0.418705656,28061,0.721362468,38.9,5/7/21,209.55,8151552,1653196,3441800
Latino,1631772,0.419478663,28074,0.721696658,38.9,5/8/21,211.59,8230920,1630304,3494293
Latino,1633725,0.41998072,28075,0.721722365,38.9,5/9/21,212.34,8259865,1620501,3514188
Latino,1635749,0.420501028,28076,0.721748072,38.9,5/10/21,213.87,8319515,1599822,3555443
Latino,1636923,0.420802828,28100,0.722365039,38.9,5/11/21,216.03,8403759,1570565,3613426
Latino,1639126,0.421369152,28133,0.723213368,38.9,5/12/21,218.07,8483060,1541971,3668455
Latino,1641275,0.421921594,28159,0.723881748,38.9,5/13/21,220.12,8562798,1516698,3722005
Latino,1643294,0.422440617,28174,0.724267352,38.9,5/14/21,222.54,8656667,1490730,3783014
Latino,1645990,0.423133676,28201,0.72496144,38.9,5/15/21,224.74,8742252,1464350,3839759
Latino,1647407,0.423497943,28204,0.72503856,38.9,5/16/21,225.67,8778666,1454163,3863509
Latino,1647688,0.42357018,28206,0.725089974,38.9,5/17/21,227.34,8843639,1440438,3903608
Latino,1648158,0.423691003,28249,0.726195373,38.9,5/18/21,229.47,8926407,1422927,3954643
Latino,1648946,0.423893573,28264,0.726580977,38.9,5/19/21,231.49,9004855,1405720,4003245
Latino,1649979,0.424159126,28288,0.727197943,38.9,5/20/21,232.43,9041698,1394416,4027755
White,237659,0.064934153,6547,0.178879781,36.6,12/15/20,0.01,483,483,0
White,244082,0.066689071,6643,0.181502732,36.6,12/16/20,0.10,3535,3535,0
White,249993,0.068304098,6782,0.185300546,36.6,12/17/20,0.35,12772,12772,0
White,256610,0.070112022,6873,0.187786885,36.6,12/18/20,0.78,28446,28446,0
White,263503,0.071995355,6942,0.189672131,36.6,12/19/20,1.01,36832,36832,0
White,270068,0.073789071,7001,0.191284153,36.6,12/20/20,1.17,43001,43001,0
White,275360,0.075234973,7041,0.192377049,36.6,12/21/20,1.64,59903,59900,1
White,281095,0.076801913,7133,0.19489071,36.6,12/22/20,2.11,77183,77180,1
White,281095,0.076801913,7133,0.19489071,36.6,12/23/20,2.58,94538,94533,1
White,292850,0.080013661,7351,0.200846995,36.6,12/24/20,2.80,102436,102430,1
White,298104,0.08144918,7413,0.202540984,36.6,12/25/20,2.82,103113,103107,1
White,304451,0.083183333,7482,0.20442623,36.6,12/26/20,2.96,108406,108400,1
White,309333,0.084517213,7497,0.204836066,36.6,12/27/20,3.06,111868,111862,1
White,314179,0.085841257,7525,0.205601093,36.6,12/28/20,3.50,128245,128235,3
White,319136,0.087195628,7679,0.209808743,36.6,12/29/20,3.99,146027,146015,4
White,319136,0.087195628,7679,0.209808743,36.6,12/30/20,4.56,166879,166867,4
White,330626,0.090334973,8008,0.218797814,36.6,12/31/20,4.83,176933,176919,4
White,338842,0.092579781,8136,0.222295082,36.6,1/1/21,4.88,178576,178558,6
White,345442,0.09438306,8211,0.224344262,36.6,1/2/21,5.04,184371,184353,6
White,350048,0.09564153,8230,0.224863388,36.6,1/3/21,5.09,186429,186406,6
White,355808,0.097215301,8309,0.227021858,36.6,1/4/21,5.50,201181,201114,23
White,360022,0.098366667,8441,0.230628415,36.6,1/5/21,6.02,220219,216183,2021
White,366351,0.100095902,8619,0.235491803,36.6,1/6/21,6.69,244877,229559,7644
White,374526,0.102329508,8791,0.240191257,36.6,1/7/21,7.55,276353,239840,18229
White,383641,0.104819945,8976,0.245245902,36.6,1/8/21,8.55,312816,246491,33118
White,391396,0.106938798,9133,0.249535519,36.6,1/9/21,8.95,327716,250671,38481
White,397915,0.108719945,9243,0.252540984,36.6,1/10/21,9.18,335916,251442,42196
White,403801,0.110328142,9307,0.254289617,36.6,1/11/21,10.18,372680,258015,57322
White,409082,0.111771038,9569,0.261448087,36.6,1/12/21,11.32,414147,271310,71453
White,414819,0.113338525,9736,0.266010929,36.6,1/13/21,12.53,458664,292518,83115
White,421508,0.11516612,9891,0.270245902,36.6,1/14/21,13.86,507414,328979,89288
White,429258,0.117283607,10091,0.275710383,36.6,1/15/21,15.47,566185,377837,94283
White,436083,0.119148361,10256,0.280218579,36.6,1/16/21,16.50,603966,410267,96964
White,441059,0.120507923,10362,0.283114754,36.6,1/17/21,17.14,627380,431011,98311
White,445062,0.121601639,10428,0.284918033,36.6,1/18/21,18.18,665404,456131,104790
White,448577,0.122562022,10530,0.287704918,36.6,1/19/21,19.90,728157,497928,115296
White,452456,0.123621858,10741,0.293469945,36.6,1/20/21,21.91,801792,548732,126708
White,456733,0.124790437,10976,0.29989071,36.6,1/21/21,24.18,885129,618827,133356
White,460463,0.125809563,11145,0.304508197,36.6,1/22/21,26.38,965370,689350,138226
White,464301,0.126858197,11330,0.309562842,36.6,1/23/21,27.82,1018105,734518,142022
White,469037,0.128152186,11404,0.311584699,36.6,1/24/21,28.65,1048648,761822,143647
White,471996,0.128960656,11460,0.313114754,36.6,1/25/21,30.47,1115160,805080,155338
White,475186,0.12983224,11664,0.318688525,36.6,1/26/21,32.63,1194262,858921,168014
White,478329,0.130690984,11879,0.324562842,36.6,1/27/21,34.94,1278960,918223,180683
White,482025,0.13170082,12045,0.329098361,36.6,1/28/21,37.38,1368202,985260,191784
White,485750,0.132718579,12267,0.335163934,36.6,1/29/21,39.62,1450134,1045680,202483
White,489390,0.133713115,12423,0.33942623,36.6,1/30/21,41.33,1512828,1098559,207387
White,492364,0.134525683,12511,0.341830601,36.6,1/31/21,42.38,1550978,1133181,209160
White,494536,0.135119126,12573,0.34352459,36.6,2/1/21,44.35,1623136,1179747,221955
White,496550,0.135669399,12761,0.348661202,36.6,2/2/21,46.67,1708156,1232774,237883
White,499316,0.136425137,12968,0.35431694,36.6,2/3/21,49.27,1803429,1290838,256444
White,502234,0.137222404,13190,0.360382514,36.6,2/4/21,52.07,1905888,1351049,277506
White,504843,0.137935246,13361,0.365054645,36.6,2/5/21,54.95,2011151,1401029,305028
White,507681,0.138710656,13485,0.368442623,36.6,2/6/21,56.96,2084769,1446800,319035
White,509892,0.139314754,13578,0.370983607,36.6,2/7/21,57.87,2117970,1466383,325922
White,511462,0.139743716,13628,0.372349727,36.6,2/8/21,60.17,2202137,1500680,350884
White,513077,0.140184973,13744,0.375519126,36.6,2/9/21,62.80,2298614,1526674,386312
White,515005,0.140711749,13918,0.380273224,36.6,2/10/21,65.91,2412250,1542306,435487
White,517166,0.141302186,14068,0.384371585,36.6,2/11/21,69.20,2532685,1555832,489055
White,519168,0.14184918,14216,0.388415301,36.6,2/12/21,72.67,2659896,1571650,545144
White,521073,0.142369672,14348,0.392021858,36.6,2/13/21,74.93,2742439,1582014,581688
White,522663,0.142804098,14425,0.394125683,36.6,2/14/21,76.27,2791349,1587721,603634
White,523927,0.143149454,14453,0.39489071,36.6,2/15/21,78.18,2861523,1595575,635517
White,524753,0.143375137,14542,0.397322404,36.6,2/16/21,81.51,2983127,1601415,694190
White,526046,0.143728415,14689,0.401338798,36.6,2/17/21,84.94,3108845,1595651,760733
White,527690,0.144177596,14819,0.40489071,36.6,2/18/21,88.54,3240682,1587127,831567
White,529334,0.144626776,14958,0.408688525,36.6,2/19/21,91.73,3357485,1584783,891649
White,530958,0.145070492,15083,0.412103825,36.6,2/20/21,93.78,3432245,1588436,927780
White,532295,0.145435792,15170,0.414480874,36.6,2/21/21,94.93,3474478,1584195,951494
White,533145,0.145668033,15205,0.415437158,36.6,2/22/21,97.06,3552437,1579729,993136
White,534330,0.145991803,15249,0.416639344,36.6,2/23/21,100.02,3660758,1566193,1055657
White,535706,0.14636776,15648,0.427540984,36.6,2/24/21,103.71,3795847,1552148,1132177
White,537448,0.146843716,15836,0.432677596,36.6,2/25/21,107.84,3947011,1547423,1212280
White,538323,0.147082787,15908,0.434644809,36.6,2/26/21,112.21,4106946,1554787,1290283
White,539466,0.147395082,16017,0.437622951,36.6,2/27/21,115.31,4220282,1562348,1344205
White,540449,0.147663661,16075,0.43920765,36.6,2/28/21,116.97,4280934,1566048,1373315
White,541113,0.147845082,16111,0.440191257,36.6,3/1/21,119.97,4390979,1576197,1424212
White,541927,0.148067486,16205,0.442759563,36.6,3/2/21,123.53,4521098,1595921,1481182
White,542988,0.148357377,16317,0.445819672,36.6,3/3/21,127.60,4670182,1607041,1551994
White,544198,0.148687978,16410,0.448360656,36.6,3/4/21,131.81,4824232,1621572,1623497
White,545388,0.149013115,16505,0.450956284,36.6,3/5/21,135.66,4965066,1645448,1683998
White,546630,0.149352459,16586,0.453169399,36.6,3/6/21,138.62,5073362,1661328,1733077
White,547503,0.149590984,16622,0.454153005,36.6,3/7/21,140.08,5126749,1667588,1758500
White,548193,0.149779508,16645,0.454781421,36.6,3/8/21,142.54,5217080,1692956,1794767
White,550247,0.15034071,16739,0.457349727,36.6,3/9/21,145.83,5337273,1701568,1855118
White,550982,0.15054153,16834,0.459945355,36.6,3/10/21,149.47,5470667,1709104,1924235
White,552040,0.150830601,16906,0.461912568,36.6,3/11/21,153.70,5625335,1711320,2008064
White,553035,0.151102459,16972,0.463715847,36.6,3/12/21,157.97,5781809,1706888,2098089
White,553898,0.151338251,16995,0.464344262,36.6,3/13/21,160.94,5890504,1711468,2155928
White,554628,0.151537705,17010,0.464754098,36.6,3/14/21,162.60,5951093,1710190,2189320
White,555045,0.151651639,17028,0.465245902,36.6,3/15/21,165.83,6069538,1716206,2249531
White,555879,0.151879508,17120,0.467759563,36.6,3/16/21,170.00,6221985,1733253,2320836
White,556746,0.152116393,17202,0.47,36.6,3/17/21,174.15,6374027,1762864,2385772
White,557745,0.152389344,17281,0.47215847,36.6,3/18/21,178.53,6534283,1790076,2455658
White,558680,0.152644809,17265,0.471721311,36.6,3/19/21,182.78,6689706,1815950,2524572
White,559739,0.152934153,17294,0.472513661,36.6,3/20/21,185.66,6795287,1841910,2567012
White,560434,0.153124044,17435,0.47636612,36.6,3/21/21,187.15,6849752,1857627,2587808
White,560887,0.153247814,17457,0.476967213,36.6,3/22/21,190.06,6956295,1889697,2627417
White,561478,0.15340929,17548,0.479453552,36.6,3/23/21,193.84,7094628,1917881,2684720
White,562217,0.153611202,17619,0.481393443,36.6,3/24/21,197.90,7243028,1936231,2751912
White,563121,0.153858197,17688,0.483278689,36.6,3/25/21,202.24,7401945,1953659,2824782
White,564332,0.154189071,17750,0.484972678,36.6,3/26/21,206.59,7561061,1962075,2902707
White,565221,0.154431967,17816,0.486775956,36.6,3/27/21,209.58,7670747,1957339,2962097
White,566013,0.154648361,17823,0.486967213,36.6,3/28/21,211.23,7730931,1961798,2990845
White,566700,0.154836066,17826,0.48704918,36.6,3/29/21,214.40,7846858,1975090,3043905
White,567405,0.155028689,17881,0.488551913,36.6,3/30/21,218.47,7995967,1997206,3110364
White,568169,0.155237432,17932,0.489945355,36.6,3/31/21,222.76,8152977,2017560,3182638
White,569110,0.155494536,17992,0.491584699,36.6,4/1/21,227.87,8340090,2052887,3266182
White,570279,0.155813934,18021,0.492377049,36.6,4/2/21,232.59,8512882,2083319,3345516
White,571125,0.156045082,18073,0.493797814,36.6,4/3/21,235.68,8625816,2095540,3403130
White,571882,0.156251913,18081,0.494016393,36.6,4/4/21,236.93,8671640,2097107,3428610
White,572450,0.156407104,18068,0.493661202,36.6,4/5/21,240.56,8804475,2110665,3495925
White,573154,0.156599454,18107,0.494726776,36.6,4/6/21,245.22,8975107,2127997,3585159
White,573934,0.156812568,18159,0.496147541,36.6,4/7/21,249.90,9146305,2146931,3673899
White,574807,0.157051093,18214,0.497650273,36.6,4/8/21,254.84,9327064,2160774,3772694
White,576131,0.157412842,18254,0.498743169,36.6,4/9/21,259.42,9494864,2168576,3866536
White,577428,0.157767213,18274,0.499289617,36.6,4/10/21,262.49,9607115,2168063,3934092
White,578221,0.15798388,18285,0.499590164,36.6,4/11/21,264.18,9668998,2164396,3972977
White,578757,0.158130328,18277,0.499371585,36.6,4/12/21,267.35,9785147,2163105,4038954
White,579375,0.15829918,18269,0.499153005,36.6,4/13/21,271.42,9933871,2168939,4111093
White,580054,0.158484699,18317,0.500464481,36.6,4/14/21,275.59,10086723,2166469,4189683
White,580850,0.158702186,18325,0.50068306,36.6,4/15/21,280.19,10255078,2177160,4268910
White,581832,0.158970492,18344,0.501202186,36.6,4/16/21,284.44,10410421,2179609,4345702
White,582705,0.159209016,18365,0.501775956,36.6,4/17/21,287.15,10509790,2183861,4393865
White,583309,0.159374044,18371,0.501939891,36.6,4/18/21,288.50,10559038,2182323,4419825
White,583815,0.159512295,18383,0.50226776,36.6,4/19/21,291.48,10668290,2169195,4481264
White,584471,0.15969153,18406,0.502896175,36.6,4/20/21,295.25,10806209,2159732,4555491
White,585252,0.159904918,18444,0.503934426,36.6,4/21/21,299.04,10944957,2143973,4633247
White,585770,0.160046448,18466,0.504535519,36.6,4/22/21,303.17,11096188,2115089,4723827
White,586286,0.160187432,18480,0.504918033,36.6,4/23/21,307.05,11238057,2086859,4809426
White,586823,0.160334153,18494,0.505300546,36.6,4/24/21,309.60,11331351,2074441,4862877
White,587420,0.160497268,18501,0.505491803,36.6,4/25/21,310.85,11376960,2071450,4887361
White,587870,0.160620219,18502,0.505519126,36.6,4/26/21,313.34,11468274,2050010,4944790
White,588338,0.160748087,18491,0.505218579,36.6,4/27/21,316.56,11586215,2017713,5021489
White,588878,0.160895628,18521,0.506038251,36.6,4/28/21,319.71,11701511,1986766,5096713
White,589492,0.161063388,18553,0.506912568,36.6,4/29/21,322.96,11820464,1942265,5180423
White,583256,0.159359563,18363,0.501721311,36.6,4/30/21,326.14,11936607,1903330,5260128
White,584041,0.159574044,18408,0.50295082,36.6,5/1/21,327.97,12003607,1878943,5307387
White,584541,0.159710656,18414,0.503114754,36.6,5/2/21,328.88,12037123,1866977,5331038
White,585032,0.159844809,18415,0.503142077,36.6,5/3/21,331.12,12118970,1831373,5391783
White,585496,0.159971585,18445,0.503961749,36.6,5/4/21,333.99,12224185,1786054,5469375
White,586155,0.160151639,18466,0.504535519,36.6,5/5/21,336.83,12328022,1737513,5547700
White,586926,0.160362295,18509,0.505710383,36.6,5/6/21,339.84,12438268,1680273,5633731
White,594305,0.162378415,18878,0.51579235,36.6,5/7/21,342.63,12540424,1630168,5711978
White,594571,0.162451093,18898,0.516338798,36.6,5/8/21,344.23,12598844,1601513,5756794
White,595035,0.162577869,18903,0.51647541,36.6,5/9/21,344.95,12625056,1589440,5776575
White,595436,0.162687432,18902,0.516448087,36.6,5/10/21,346.64,12686927,1556808,5825618
White,595899,0.162813934,18919,0.516912568,36.6,5/11/21,348.79,12765776,1517484,5886501
White,596511,0.162981148,18929,0.517185792,36.6,5/12/21,350.83,12840488,1480426,5943976
White,597257,0.163184973,18956,0.517923497,36.6,5/13/21,353.06,12922100,1454269,5999212
White,597916,0.163365027,18971,0.518333333,36.6,5/14/21,355.49,13010971,1429484,6057670
White,598456,0.163512568,18988,0.518797814,36.6,5/15/21,357.20,13073597,1415395,6096844
White,598780,0.163601093,18995,0.518989071,36.6,5/16/21,358.08,13105624,1407663,6117195
White,598956,0.16364918,18997,0.519043716,36.6,5/17/21,359.80,13168655,1392163,6157680
White,599243,0.163727596,19003,0.51920765,36.6,5/18/21,361.80,13241826,1371898,6205663
White,599700,0.163852459,19019,0.519644809,36.6,5/19/21,363.58,13307171,1354984,6247908
White,600155,0.163976776,19043,0.520300546,36.6,5/20/21,364.32,13334026,1343621,6267521